day,entry_time,exit_time,entry,exit,shares,gross_pnl,cost,net_pnl,reason,generation,hold_seconds,profile
2026-07-13,2026-07-13T13:40:00+00:00,2026-07-13T14:00:00+00:00,752.77,753.77,2.6568540191559173,2.6568540191559173,0.0,2.6568540191559173,target,1,1200,trend_path|rb=True|bps=0.0|frac=True
2026-07-13,2026-07-13T14:02:00+00:00,2026-07-13T14:16:00+00:00,752.77,750.73,2.6603834557954698,-5.427182249822661,0.0,-5.427182249822661,trailing_stop,1,840,trend_path|rb=True|bps=0.0|frac=True
2026-07-13,2026-07-13T14:17:00+00:00,2026-07-13T14:19:00+00:00,750.92,751.92,2.659710317702729,2.659710317702729,0.0,2.659710317702729,target,2,120,trend_path|rb=True|bps=0.0|frac=True
2026-07-13,2026-07-13T14:35:00+00:00,2026-07-13T16:26:00+00:00,752.39,750.42,2.658048860414195,-5.2363562550160365,0.0,-5.2363562550160365,trailing_stop,4,6660,trend_path|rb=True|bps=0.0|frac=True
2026-07-13,2026-07-13T16:30:00+00:00,2026-07-13T19:38:00+00:00,749.85,748.03,2.660069381652357,-4.841326274607423,0.0,-4.841326274607423,trailing_stop,5,11280,trend_path|rb=True|bps=0.0|frac=True
2026-07-14,2026-07-14T13:42:00+00:00,2026-07-14T13:45:00+00:00,750.68,751.68,2.650678983797907,2.650678983797907,0.0,2.650678983797907,target,9,180,trend_path|rb=True|bps=0.0|frac=True
2026-07-14,2026-07-14T13:47:00+00:00,2026-07-14T14:16:00+00:00,750.68,748.97,2.6542100209692685,-4.538699135857244,0.0,-4.538699135857244,trailing_stop,9,1740,trend_path|rb=True|bps=0.0|frac=True
2026-07-14,2026-07-14T14:46:00+00:00,2026-07-14T14:58:00+00:00,750.94,751.94,2.6472470229383878,2.6472470229383878,0.0,2.6472470229383878,target,13,720,trend_path|rb=True|bps=0.0|frac=True
2026-07-14,2026-07-14T15:18:00+00:00,2026-07-14T16:02:00+00:00,752.01,750.26,2.6470006069444443,-4.632251062152777,0.0,-4.632251062152777,trailing_stop,14,2640,trend_path|rb=True|bps=0.0|frac=True
2026-07-14,2026-07-14T16:46:00+00:00,2026-07-14T17:09:00+00:00,751.18,752.18,2.6437587201018915,2.6437587201018915,0.0,2.6437587201018915,target,17,1380,trend_path|rb=True|bps=0.0|frac=True
2026-07-14,2026-07-14T17:35:00+00:00,2026-07-14T19:55:00+00:00,751.99,752.1,2.6444266999378194,0.29088693699319623,0.0,0.29088693699319623,end_of_day,18,8400,trend_path|rb=True|bps=0.0|frac=True
2026-07-14,2026-07-14T19:59:00+00:00,2026-07-14T19:59:00+00:00,751.99,751.87,2.644813522817104,-0.3173776227380645,0.0,-0.3173776227380645,end_of_day,18,0,trend_path|rb=True|bps=0.0|frac=True
2026-07-15,2026-07-15T13:38:00+00:00,2026-07-15T14:19:00+00:00,754.53,755.53,2.6354895675460166,2.6354895675460166,0.0,2.6354895675460166,target,19,2460,trend_path|rb=True|bps=0.0|frac=True
2026-07-15,2026-07-15T14:23:00+00:00,2026-07-15T15:17:00+00:00,754.53,752.23,2.638982456586275,-6.069659650148313,0.0,-6.069659650148313,trailing_stop,19,3240,trend_path|rb=True|bps=0.0|frac=True
2026-07-15,2026-07-15T15:22:00+00:00,2026-07-15T15:33:00+00:00,752.77,753.77,2.637089380976784,2.637089380976784,0.0,2.637089380976784,target,20,660,trend_path|rb=True|bps=0.0|frac=True
2026-07-15,2026-07-15T15:50:00+00:00,2026-07-15T17:46:00+00:00,752.77,753.77,2.6405925617371446,2.6405925617371446,0.0,2.6405925617371446,target,20,6960,trend_path|rb=True|bps=0.0|frac=True
2026-07-15,2026-07-15T18:44:00+00:00,2026-07-15T19:55:00+00:00,754.15,754.45,2.639262023815696,0.7917786071448889,0.0,0.7917786071448889,end_of_day,22,4260,trend_path|rb=True|bps=0.0|frac=True
2026-07-16,2026-07-16T13:34:00+00:00,2026-07-16T14:08:00+00:00,752.17,753.17,2.647262233095912,2.647262233095912,0.0,2.647262233095912,target,23,2040,trend_path|rb=True|bps=0.0|frac=True
2026-07-16,2026-07-16T14:39:00+00:00,2026-07-16T16:15:00+00:00,753.84,751.93,2.6449093920471825,-5.051776938810335,0.0,-5.051776938810335,trailing_stop,25,5760,trend_path|rb=True|bps=0.0|frac=True
2026-07-16,2026-07-16T16:20:00+00:00,2026-07-16T16:55:00+00:00,751.85,752.85,2.6451908215229603,2.6451908215229603,0.0,2.6451908215229603,target,26,2100,trend_path|rb=True|bps=0.0|frac=True
2026-07-16,2026-07-16T17:00:00+00:00,2026-07-16T18:40:00+00:00,752.37,750.22,2.64687841086641,-5.690788583362721,0.0,-5.690788583362721,trailing_stop,27,6000,trend_path|rb=True|bps=0.0|frac=True
2026-07-16,2026-07-16T19:07:00+00:00,2026-07-16T19:55:00+00:00,750.02,750.41,2.647584226287563,1.0325578482521134,0.0,1.0325578482521134,end_of_day,28,2880,trend_path|rb=True|bps=0.0|frac=True
2026-07-17,2026-07-17T13:35:00+00:00,2026-07-17T13:40:00+00:00,740.83,741.83,2.6818213075178514,2.6818213075178514,0.0,2.6818213075178514,target,29,300,trend_path|rb=True|bps=0.0|frac=True
2026-07-17,2026-07-17T14:20:00+00:00,2026-07-17T15:00:00+00:00,746.37,744.59,2.665508394704996,-4.74460494257482,0.0,-4.74460494257482,trailing_stop,36,2400,trend_path|rb=True|bps=0.0|frac=True
2026-07-17,2026-07-17T15:11:00+00:00,2026-07-17T15:29:00+00:00,744.38,745.38,2.666260371871078,2.666260371871078,0.0,2.666260371871078,target,38,1080,trend_path|rb=True|bps=0.0|frac=True
2026-07-17,2026-07-17T15:32:00+00:00,2026-07-17T15:54:00+00:00,744.94,745.94,2.667835202815346,2.667835202815346,0.0,2.667835202815346,target,39,1320,trend_path|rb=True|bps=0.0|frac=True
2026-07-17,2026-07-17T16:01:00+00:00,2026-07-17T16:48:00+00:00,745.99,746.99,2.6676563910884585,2.6676563910884585,0.0,2.6676563910884585,target,40,2820,trend_path|rb=True|bps=0.0|frac=True
2026-07-17,2026-07-17T17:20:00+00:00,2026-07-17T17:28:00+00:00,745.99,746.99,2.6712323859289904,2.6712323859289904,0.0,2.6712323859289904,target,40,480,trend_path|rb=True|bps=0.0|frac=True
2026-07-17,2026-07-17T17:36:00+00:00,2026-07-17T18:15:00+00:00,745.99,743.65,2.674813174392548,-6.259062828078647,0.0,-6.259062828078647,trailing_stop,40,2340,trend_path|rb=True|bps=0.0|frac=True
2026-07-17,2026-07-17T18:43:00+00:00,2026-07-17T18:49:00+00:00,743.23,744.23,2.6763247139338,2.6763247139338,0.0,2.6763247139338,target,41,360,trend_path|rb=True|bps=0.0|frac=True
2026-07-17,2026-07-17T19:03:00+00:00,2026-07-17T19:55:00+00:00,743.75,744.03,2.678051955429851,0.7498545475202852,0.0,0.7498545475202852,end_of_day,42,3120,trend_path|rb=True|bps=0.0|frac=True
2026-07-17,2026-07-17T19:59:00+00:00,2026-07-17T19:59:00+00:00,743.75,743.16,2.6790601632248365,-1.5806454963027388,0.0,-1.5806454963027388,end_of_day,42,0,trend_path|rb=True|bps=0.0|frac=True
2026-07-13,2026-07-13T13:40:00+00:00,2026-07-13T14:00:00+00:00,752.77,753.77,2.0,2.0,0.0,2.0,target,1,1200,trend_path|rb=True|bps=0.0|frac=False
2026-07-13,2026-07-13T14:02:00+00:00,2026-07-13T14:16:00+00:00,752.77,750.73,2.0,-4.079999999999927,0.0,-4.079999999999927,trailing_stop,1,840,trend_path|rb=True|bps=0.0|frac=False
2026-07-13,2026-07-13T14:17:00+00:00,2026-07-13T14:19:00+00:00,750.92,751.92,2.0,2.0,0.0,2.0,target,2,120,trend_path|rb=True|bps=0.0|frac=False
2026-07-13,2026-07-13T14:35:00+00:00,2026-07-13T16:26:00+00:00,752.39,750.42,2.0,-3.9400000000000546,0.0,-3.9400000000000546,trailing_stop,4,6660,trend_path|rb=True|bps=0.0|frac=False
2026-07-13,2026-07-13T16:30:00+00:00,2026-07-13T19:38:00+00:00,749.85,748.03,2.0,-3.6400000000001,0.0,-3.6400000000001,trailing_stop,5,11280,trend_path|rb=True|bps=0.0|frac=False
2026-07-14,2026-07-14T13:42:00+00:00,2026-07-14T13:45:00+00:00,750.68,751.68,2.0,2.0,0.0,2.0,target,9,180,trend_path|rb=True|bps=0.0|frac=False
2026-07-14,2026-07-14T13:47:00+00:00,2026-07-14T14:16:00+00:00,750.68,748.97,2.0,-3.4199999999998454,0.0,-3.4199999999998454,trailing_stop,9,1740,trend_path|rb=True|bps=0.0|frac=False
2026-07-14,2026-07-14T14:46:00+00:00,2026-07-14T14:58:00+00:00,750.94,751.94,2.0,2.0,0.0,2.0,target,13,720,trend_path|rb=True|bps=0.0|frac=False
2026-07-14,2026-07-14T15:18:00+00:00,2026-07-14T16:02:00+00:00,752.01,750.26,2.0,-3.5,0.0,-3.5,trailing_stop,14,2640,trend_path|rb=True|bps=0.0|frac=False
2026-07-14,2026-07-14T16:46:00+00:00,2026-07-14T17:09:00+00:00,751.18,752.18,2.0,2.0,0.0,2.0,target,17,1380,trend_path|rb=True|bps=0.0|frac=False
2026-07-14,2026-07-14T17:35:00+00:00,2026-07-14T19:55:00+00:00,751.99,752.1,2.0,0.22000000000002728,0.0,0.22000000000002728,end_of_day,18,8400,trend_path|rb=True|bps=0.0|frac=False
2026-07-14,2026-07-14T19:59:00+00:00,2026-07-14T19:59:00+00:00,751.99,751.87,2.0,-0.2400000000000091,0.0,-0.2400000000000091,end_of_day,18,0,trend_path|rb=True|bps=0.0|frac=False
2026-07-15,2026-07-15T13:38:00+00:00,2026-07-15T14:19:00+00:00,754.53,755.53,2.0,2.0,0.0,2.0,target,19,2460,trend_path|rb=True|bps=0.0|frac=False
2026-07-15,2026-07-15T14:23:00+00:00,2026-07-15T15:17:00+00:00,754.53,752.23,2.0,-4.599999999999909,0.0,-4.599999999999909,trailing_stop,19,3240,trend_path|rb=True|bps=0.0|frac=False
2026-07-15,2026-07-15T15:22:00+00:00,2026-07-15T15:33:00+00:00,752.77,753.77,2.0,2.0,0.0,2.0,target,20,660,trend_path|rb=True|bps=0.0|frac=False
2026-07-15,2026-07-15T15:50:00+00:00,2026-07-15T17:46:00+00:00,752.77,753.77,2.0,2.0,0.0,2.0,target,20,6960,trend_path|rb=True|bps=0.0|frac=False
2026-07-15,2026-07-15T18:44:00+00:00,2026-07-15T19:55:00+00:00,754.15,754.45,2.0,0.6000000000001364,0.0,0.6000000000001364,end_of_day,22,4260,trend_path|rb=True|bps=0.0|frac=False
2026-07-16,2026-07-16T13:34:00+00:00,2026-07-16T14:08:00+00:00,752.17,753.17,2.0,2.0,0.0,2.0,target,23,2040,trend_path|rb=True|bps=0.0|frac=False
2026-07-16,2026-07-16T14:39:00+00:00,2026-07-16T16:15:00+00:00,753.84,751.93,2.0,-3.8200000000001637,0.0,-3.8200000000001637,trailing_stop,25,5760,trend_path|rb=True|bps=0.0|frac=False
2026-07-16,2026-07-16T16:20:00+00:00,2026-07-16T16:55:00+00:00,751.85,752.85,2.0,2.0,0.0,2.0,target,26,2100,trend_path|rb=True|bps=0.0|frac=False
2026-07-16,2026-07-16T17:00:00+00:00,2026-07-16T18:40:00+00:00,752.37,750.22,2.0,-4.2999999999999545,0.0,-4.2999999999999545,trailing_stop,27,6000,trend_path|rb=True|bps=0.0|frac=False
2026-07-16,2026-07-16T19:07:00+00:00,2026-07-16T19:55:00+00:00,750.02,750.41,2.0,0.7799999999999727,0.0,0.7799999999999727,end_of_day,28,2880,trend_path|rb=True|bps=0.0|frac=False
2026-07-17,2026-07-17T13:35:00+00:00,2026-07-17T13:40:00+00:00,740.83,741.83,2.0,2.0,0.0,2.0,target,29,300,trend_path|rb=True|bps=0.0|frac=False
2026-07-17,2026-07-17T14:20:00+00:00,2026-07-17T15:00:00+00:00,746.37,744.59,2.0,-3.5599999999999454,0.0,-3.5599999999999454,trailing_stop,36,2400,trend_path|rb=True|bps=0.0|frac=False
2026-07-17,2026-07-17T15:11:00+00:00,2026-07-17T15:29:00+00:00,744.38,745.38,2.0,2.0,0.0,2.0,target,38,1080,trend_path|rb=True|bps=0.0|frac=False
2026-07-17,2026-07-17T15:32:00+00:00,2026-07-17T15:54:00+00:00,744.94,745.94,2.0,2.0,0.0,2.0,target,39,1320,trend_path|rb=True|bps=0.0|frac=False
2026-07-17,2026-07-17T16:01:00+00:00,2026-07-17T16:48:00+00:00,745.99,746.99,2.0,2.0,0.0,2.0,target,40,2820,trend_path|rb=True|bps=0.0|frac=False
2026-07-17,2026-07-17T17:20:00+00:00,2026-07-17T17:28:00+00:00,745.99,746.99,2.0,2.0,0.0,2.0,target,40,480,trend_path|rb=True|bps=0.0|frac=False
2026-07-17,2026-07-17T17:36:00+00:00,2026-07-17T18:15:00+00:00,745.99,743.65,2.0,-4.680000000000064,0.0,-4.680000000000064,trailing_stop,40,2340,trend_path|rb=True|bps=0.0|frac=False
2026-07-17,2026-07-17T18:43:00+00:00,2026-07-17T18:49:00+00:00,743.23,744.23,2.0,2.0,0.0,2.0,target,41,360,trend_path|rb=True|bps=0.0|frac=False
2026-07-17,2026-07-17T19:03:00+00:00,2026-07-17T19:55:00+00:00,743.75,744.03,2.0,0.5599999999999454,0.0,0.5599999999999454,end_of_day,42,3120,trend_path|rb=True|bps=0.0|frac=False
2026-07-17,2026-07-17T19:59:00+00:00,2026-07-17T19:59:00+00:00,743.75,743.16,2.0,-1.1800000000000637,0.0,-1.1800000000000637,end_of_day,42,0,trend_path|rb=True|bps=0.0|frac=False
2026-07-13,2026-07-13T13:40:00+00:00,2026-07-13T14:00:00+00:00,752.77,753.77,2.6568540191559173,2.6568540191559173,0.40026568540191554,2.256588333754002,target,1,1200,trend_path|rb=True|bps=1.0|frac=True
2026-07-13,2026-07-13T14:02:00+00:00,2026-07-13T14:16:00+00:00,752.77,750.73,2.659851732047975,-5.426097533377772,0.39990870791341304,-5.826006241291185,trailing_stop,1,840,trend_path|rb=True|bps=1.0|frac=True
2026-07-13,2026-07-13T14:17:00+00:00,2026-07-13T14:19:00+00:00,750.92,751.92,2.658646170154561,2.658646170154561,0.39955198103550804,2.259094189119053,target,2,120,trend_path|rb=True|bps=1.0|frac=True
2026-07-13,2026-07-13T14:35:00+00:00,2026-07-13T16:26:00+00:00,752.39,750.42,2.656454333898087,-5.233215037779304,0.3992146137525384,-5.632429651531842,trailing_stop,4,6660,trend_path|rb=True|bps=1.0|frac=True
2026-07-13,2026-07-13T16:30:00+00:00,2026-07-13T19:38:00+00:00,749.85,748.03,2.6579412504234847,-4.837453075770875,0.39812770401843295,-5.2355807797893075,trailing_stop,5,11280,trend_path|rb=True|bps=1.0|frac=True
2026-07-14,2026-07-14T13:42:00+00:00,2026-07-14T13:45:00+00:00,750.68,751.68,2.648028009072122,2.648028009072122,0.3978291359709593,2.250198873101163,target,9,180,trend_path|rb=True|bps=1.0|frac=True
2026-07-14,2026-07-14T13:47:00+00:00,2026-07-14T14:16:00+00:00,750.68,748.97,2.6510255564599587,-4.533253701546324,0.3975610475745177,-4.930814749120842,trailing_stop,9,1740,trend_path|rb=True|bps=1.0|frac=True
2026-07-14,2026-07-14T14:46:00+00:00,2026-07-14T14:58:00+00:00,750.94,751.94,2.6435414946257234,2.6435414946257234,0.39729256414431074,2.246248930481413,target,13,720,trend_path|rb=True|bps=1.0|frac=True
2026-07-14,2026-07-14T15:18:00+00:00,2026-07-14T16:02:00+00:00,752.01,750.26,2.642767116002078,-4.6248424530036365,0.39701497553564413,-5.02185742853928,trailing_stop,14,2640,trend_path|rb=True|bps=1.0|frac=True
2026-07-14,2026-07-14T16:46:00+00:00,2026-07-14T17:09:00+00:00,751.18,752.18,2.6390018923243206,2.6390018923243206,0.39673698848446903,2.2422649038398514,target,17,1380,trend_path|rb=True|bps=1.0|frac=True
2026-07-14,2026-07-14T17:35:00+00:00,2026-07-14T19:55:00+00:00,751.99,752.1,2.639141087487896,0.29030551962370454,0.396950571827967,-0.10664505220426246,end_of_day,18,8400,trend_path|rb=True|bps=1.0|frac=True
2026-07-14,2026-07-14T19:59:00+00:00,2026-07-14T19:59:00+00:00,751.99,751.87,2.638999270373035,-0.3166799124447762,0.39686854427431933,-0.7135484567190955,end_of_day,18,0,trend_path|rb=True|bps=1.0|frac=True
2026-07-15,2026-07-15T13:38:00+00:00,2026-07-15T14:19:00+00:00,754.53,755.53,2.6291698313799317,2.6291698313799317,0.39702041955735795,2.2321494118225735,target,19,2460,trend_path|rb=True|bps=1.0|frac=True
2026-07-15,2026-07-15T14:23:00+00:00,2026-07-15T15:17:00+00:00,754.53,752.23,2.6321281622770765,-6.053894773237156,0.3965985429792608,-6.450493316216416,trailing_stop,19,3240,trend_path|rb=True|bps=1.0|frac=True
2026-07-15,2026-07-15T15:22:00+00:00,2026-07-15T15:33:00+00:00,752.77,753.77,2.629713151383166,2.629713151383166,0.39617680510847947,2.2335363462746867,target,20,660,trend_path|rb=True|bps=1.0|frac=True
2026-07-15,2026-07-15T15:50:00+00:00,2026-07-15T17:46:00+00:00,752.77,753.77,2.6326802413924315,2.6326802413924315,0.39662380908673533,2.236056432305696,target,20,6960,trend_path|rb=True|bps=1.0|frac=True
2026-07-15,2026-07-15T18:44:00+00:00,2026-07-15T19:55:00+00:00,754.15,754.45,2.6308277686737207,0.7892483306022957,0.3968866771821175,0.3923616534201782,end_of_day,22,4260,trend_path|rb=True|bps=1.0|frac=True
2026-07-16,2026-07-16T13:34:00+00:00,2026-07-16T14:08:00+00:00,752.17,753.17,2.638274756236897,2.638274756236897,0.39715005215536503,2.241124704081532,target,23,2040,trend_path|rb=True|bps=1.0|frac=True
2026-07-16,2026-07-16T14:39:00+00:00,2026-07-16T16:15:00+00:00,753.84,751.93,2.6354030671001647,-5.03361985816153,0.3968310876347415,-5.430450945796272,trailing_stop,25,5760,trend_path|rb=True|bps=1.0|frac=True
2026-07-16,2026-07-16T16:20:00+00:00,2026-07-16T16:55:00+00:00,751.85,752.85,2.6351556788681143,2.6351556788681143,0.3965118749992852,2.238643803868829,target,26,2100,trend_path|rb=True|bps=1.0|frac=True
2026-07-16,2026-07-16T17:00:00+00:00,2026-07-16T18:40:00+00:00,752.37,750.22,2.6363098488255257,-5.66806617497482,0.3961292815746747,-6.064195456549495,trailing_stop,27,6000,trend_path|rb=True|bps=1.0|frac=True
2026-07-16,2026-07-16T19:07:00+00:00,2026-07-16T19:55:00+00:00,750.02,750.41,2.6364846877474086,1.0282290282214535,0.3955860720036844,0.6326429562177691,end_of_day,28,2880,trend_path|rb=True|bps=1.0|frac=True
2026-07-17,2026-07-17T13:35:00+00:00,2026-07-17T13:40:00+00:00,740.83,741.83,2.670044259088494,2.670044259088494,0.3958767821180147,2.2741674769704794,target,29,300,trend_path|rb=True|bps=1.0|frac=True
2026-07-17,2026-07-17T14:20:00+00:00,2026-07-17T15:00:00+00:00,746.37,744.59,2.653272580539812,-4.722825193360793,0.39559232866816385,-5.118417522028957,trailing_stop,36,2400,trend_path|rb=True|bps=1.0|frac=True
2026-07-17,2026-07-17T15:11:00+00:00,2026-07-17T15:29:00+00:00,744.38,745.38,2.6534896671262937,2.6534896671262937,0.3953062766498068,2.258183390476487,target,38,1080,trend_path|rb=True|bps=1.0|frac=True
2026-07-17,2026-07-17T15:32:00+00:00,2026-07-17T15:54:00+00:00,744.94,745.94,2.6545262998442114,2.6545262998442114,0.3957580169911738,2.2587682828530378,target,39,1320,trend_path|rb=True|bps=1.0|frac=True
2026-07-17,2026-07-17T16:01:00+00:00,2026-07-17T16:48:00+00:00,745.99,746.99,2.653817866310272,2.653817866310272,0.39620969980439097,2.257608166505881,target,40,2820,trend_path|rb=True|bps=1.0|frac=True
2026-07-17,2026-07-17T17:20:00+00:00,2026-07-17T17:28:00+00:00,745.99,746.99,2.656844191283135,2.656844191283135,0.3966615240701895,2.2601826672129457,target,40,480,trend_path|rb=True|bps=1.0|frac=True
2026-07-17,2026-07-17T17:36:00+00:00,2026-07-17T18:15:00+00:00,745.99,743.65,2.659873967375593,-6.224105083658973,0.3962254656761378,-6.620330549335111,trailing_stop,40,2340,trend_path|rb=True|bps=1.0|frac=True
2026-07-17,2026-07-17T18:43:00+00:00,2026-07-17T18:49:00+00:00,743.23,744.23,2.6608439519034266,2.6608439519034266,0.3957898944698271,2.2650540574335993,target,41,360,trend_path|rb=True|bps=1.0|frac=True
2026-07-17,2026-07-17T19:03:00+00:00,2026-07-17T19:55:00+00:00,743.75,744.03,2.662029047973939,0.7453681334326303,0.3960513576994667,0.3493167757331636,end_of_day,42,3120,trend_path|rb=True|bps=1.0|frac=True
2026-07-17,2026-07-17T19:59:00+00:00,2026-07-17T19:59:00+00:00,743.75,743.16,2.6624987175883703,-1.5708742433772231,0.3958895968169323,-1.9667638401941554,end_of_day,42,0,trend_path|rb=True|bps=1.0|frac=True
2026-07-13,2026-07-13T13:40:00+00:00,2026-07-13T14:00:00+00:00,752.77,753.77,2.0,2.0,0.301308,1.6986919999999999,target,1,1200,trend_path|rb=True|bps=1.0|frac=False
2026-07-13,2026-07-13T14:02:00+00:00,2026-07-13T14:16:00+00:00,752.77,750.73,2.0,-4.079999999999927,0.3007,-4.380699999999927,trailing_stop,1,840,trend_path|rb=True|bps=1.0|frac=False
2026-07-13,2026-07-13T14:17:00+00:00,2026-07-13T14:19:00+00:00,750.92,751.92,2.0,2.0,0.300568,1.699432,target,2,120,trend_path|rb=True|bps=1.0|frac=False
2026-07-13,2026-07-13T14:35:00+00:00,2026-07-13T16:26:00+00:00,752.39,750.42,2.0,-3.9400000000000546,0.300562,-4.240562000000055,trailing_stop,4,6660,trend_path|rb=True|bps=1.0|frac=False
2026-07-13,2026-07-13T16:30:00+00:00,2026-07-13T19:38:00+00:00,749.85,748.03,2.0,-3.6400000000001,0.299576,-3.9395760000001,trailing_stop,5,11280,trend_path|rb=True|bps=1.0|frac=False
2026-07-14,2026-07-14T13:42:00+00:00,2026-07-14T13:45:00+00:00,750.68,751.68,2.0,2.0,0.30047199999999996,1.699528,target,9,180,trend_path|rb=True|bps=1.0|frac=False
2026-07-14,2026-07-14T13:47:00+00:00,2026-07-14T14:16:00+00:00,750.68,748.97,2.0,-3.4199999999998454,0.29993000000000003,-3.719929999999845,trailing_stop,9,1740,trend_path|rb=True|bps=1.0|frac=False
2026-07-14,2026-07-14T14:46:00+00:00,2026-07-14T14:58:00+00:00,750.94,751.94,2.0,2.0,0.300576,1.699424,target,13,720,trend_path|rb=True|bps=1.0|frac=False
2026-07-14,2026-07-14T15:18:00+00:00,2026-07-14T16:02:00+00:00,752.01,750.26,2.0,-3.5,0.300454,-3.800454,trailing_stop,14,2640,trend_path|rb=True|bps=1.0|frac=False
2026-07-14,2026-07-14T16:46:00+00:00,2026-07-14T17:09:00+00:00,751.18,752.18,2.0,2.0,0.300672,1.699328,target,17,1380,trend_path|rb=True|bps=1.0|frac=False
2026-07-14,2026-07-14T17:35:00+00:00,2026-07-14T19:55:00+00:00,751.99,752.1,2.0,0.22000000000002728,0.30081800000000003,-0.08081799999997274,end_of_day,18,8400,trend_path|rb=True|bps=1.0|frac=False
2026-07-14,2026-07-14T19:59:00+00:00,2026-07-14T19:59:00+00:00,751.99,751.87,2.0,-0.2400000000000091,0.30077200000000004,-0.5407720000000091,end_of_day,18,0,trend_path|rb=True|bps=1.0|frac=False
2026-07-15,2026-07-15T13:38:00+00:00,2026-07-15T14:19:00+00:00,754.53,755.53,2.0,2.0,0.302012,1.697988,target,19,2460,trend_path|rb=True|bps=1.0|frac=False
2026-07-15,2026-07-15T14:23:00+00:00,2026-07-15T15:17:00+00:00,754.53,752.23,2.0,-4.599999999999909,0.301352,-4.901351999999909,trailing_stop,19,3240,trend_path|rb=True|bps=1.0|frac=False
2026-07-15,2026-07-15T15:22:00+00:00,2026-07-15T15:33:00+00:00,752.77,753.77,2.0,2.0,0.301308,1.6986919999999999,target,20,660,trend_path|rb=True|bps=1.0|frac=False
2026-07-15,2026-07-15T15:50:00+00:00,2026-07-15T17:46:00+00:00,752.77,753.77,2.0,2.0,0.301308,1.6986919999999999,target,20,6960,trend_path|rb=True|bps=1.0|frac=False
2026-07-15,2026-07-15T18:44:00+00:00,2026-07-15T19:55:00+00:00,754.15,754.45,2.0,0.6000000000001364,0.30172,0.29828000000013644,end_of_day,22,4260,trend_path|rb=True|bps=1.0|frac=False
2026-07-16,2026-07-16T13:34:00+00:00,2026-07-16T14:08:00+00:00,752.17,753.17,2.0,2.0,0.301068,1.698932,target,23,2040,trend_path|rb=True|bps=1.0|frac=False
2026-07-16,2026-07-16T14:39:00+00:00,2026-07-16T16:15:00+00:00,753.84,751.93,2.0,-3.8200000000001637,0.301154,-4.121154000000164,trailing_stop,25,5760,trend_path|rb=True|bps=1.0|frac=False
2026-07-16,2026-07-16T16:20:00+00:00,2026-07-16T16:55:00+00:00,751.85,752.85,2.0,2.0,0.30094,1.69906,target,26,2100,trend_path|rb=True|bps=1.0|frac=False
2026-07-16,2026-07-16T17:00:00+00:00,2026-07-16T18:40:00+00:00,752.37,750.22,2.0,-4.2999999999999545,0.300518,-4.600517999999955,trailing_stop,27,6000,trend_path|rb=True|bps=1.0|frac=False
2026-07-16,2026-07-16T19:07:00+00:00,2026-07-16T19:55:00+00:00,750.02,750.41,2.0,0.7799999999999727,0.30008599999999996,0.47991399999997275,end_of_day,28,2880,trend_path|rb=True|bps=1.0|frac=False
2026-07-17,2026-07-17T13:35:00+00:00,2026-07-17T13:40:00+00:00,740.83,741.83,2.0,2.0,0.296532,1.703468,target,29,300,trend_path|rb=True|bps=1.0|frac=False
2026-07-17,2026-07-17T14:20:00+00:00,2026-07-17T15:00:00+00:00,746.37,744.59,2.0,-3.5599999999999454,0.298192,-3.8581919999999457,trailing_stop,36,2400,trend_path|rb=True|bps=1.0|frac=False
2026-07-17,2026-07-17T15:11:00+00:00,2026-07-17T15:29:00+00:00,744.38,745.38,2.0,2.0,0.297952,1.702048,target,38,1080,trend_path|rb=True|bps=1.0|frac=False
2026-07-17,2026-07-17T15:32:00+00:00,2026-07-17T15:54:00+00:00,744.94,745.94,2.0,2.0,0.298176,1.701824,target,39,1320,trend_path|rb=True|bps=1.0|frac=False
2026-07-17,2026-07-17T16:01:00+00:00,2026-07-17T16:48:00+00:00,745.99,746.99,2.0,2.0,0.29859600000000003,1.701404,target,40,2820,trend_path|rb=True|bps=1.0|frac=False
2026-07-17,2026-07-17T17:20:00+00:00,2026-07-17T17:28:00+00:00,745.99,746.99,2.0,2.0,0.29859600000000003,1.701404,target,40,480,trend_path|rb=True|bps=1.0|frac=False
2026-07-17,2026-07-17T17:36:00+00:00,2026-07-17T18:15:00+00:00,745.99,743.65,2.0,-4.680000000000064,0.29792799999999997,-4.977928000000063,trailing_stop,40,2340,trend_path|rb=True|bps=1.0|frac=False
2026-07-17,2026-07-17T18:43:00+00:00,2026-07-17T18:49:00+00:00,743.23,744.23,2.0,2.0,0.29749200000000003,1.702508,target,41,360,trend_path|rb=True|bps=1.0|frac=False
2026-07-17,2026-07-17T19:03:00+00:00,2026-07-17T19:55:00+00:00,743.75,744.03,2.0,0.5599999999999454,0.297556,0.26244399999994544,end_of_day,42,3120,trend_path|rb=True|bps=1.0|frac=False
2026-07-17,2026-07-17T19:59:00+00:00,2026-07-17T19:59:00+00:00,743.75,743.16,2.0,-1.1800000000000637,0.297382,-1.4773820000000637,end_of_day,42,0,trend_path|rb=True|bps=1.0|frac=False
2026-07-13,2026-07-13T13:40:00+00:00,2026-07-13T14:00:00+00:00,752.77,753.77,2.6568540191559173,2.6568540191559173,0.8005313708038311,1.8563226483520863,target,1,1200,trend_path|rb=True|bps=2.0|frac=True
2026-07-13,2026-07-13T14:02:00+00:00,2026-07-13T14:16:00+00:00,752.77,750.73,2.6593200083004795,-5.425012816932882,0.7996575264959542,-6.224670343428836,trailing_stop,1,840,trend_path|rb=True|bps=2.0|frac=True
2026-07-13,2026-07-13T14:17:00+00:00,2026-07-13T14:19:00+00:00,750.92,751.92,2.6575822355309797,2.6575822355309797,0.7987841773690755,1.8587980581619044,target,2,120,trend_path|rb=True|bps=2.0|frac=True
2026-07-13,2026-07-13T14:35:00+00:00,2026-07-13T16:26:00+00:00,752.39,750.42,2.654860445198747,-5.230075077041604,0.7979501651298258,-6.028025242171429,trailing_stop,4,6660,trend_path|rb=True|bps=2.0|frac=True
2026-07-13,2026-07-13T16:30:00+00:00,2026-07-13T19:38:00+00:00,749.85,748.03,2.655814396373826,-4.833582201400496,0.7956182536080854,-5.629200455008581,trailing_stop,5,11280,trend_path|rb=True|bps=2.0|frac=True
2026-07-14,2026-07-14T13:42:00+00:00,2026-07-14T13:45:00+00:00,750.68,751.68,2.645379155786627,2.645379155786627,0.7948623656975192,1.8505167900891077,target,9,180,trend_path|rb=True|bps=2.0|frac=True
2026-07-14,2026-07-14T13:47:00+00:00,2026-07-14T14:16:00+00:00,750.68,748.97,2.6478442764639984,-4.5278137127532325,0.7941679338398472,-5.32198164659308,trailing_stop,9,1740,trend_path|rb=True|bps=2.0|frac=True
2026-07-14,2026-07-14T14:46:00+00:00,2026-07-14T14:58:00+00:00,750.94,751.94,2.639840413094789,2.639840413094789,0.7934726720063794,1.8463677410884096,target,13,720,trend_path|rb=True|bps=2.0|frac=True
2026-07-14,2026-07-14T15:18:00+00:00,2026-07-14T16:02:00+00:00,752.01,750.26,2.6385395507380083,-4.617444213791514,0.7927597621774376,-5.410203975968952,trailing_stop,14,2640,trend_path|rb=True|bps=2.0|frac=True
2026-07-14,2026-07-14T16:46:00+00:00,2026-07-14T17:09:00+00:00,751.18,752.18,2.634252673892437,2.634252673892437,0.7920460199645868,1.84220665392785,target,17,1380,trend_path|rb=True|bps=2.0|frac=True
2026-07-14,2026-07-14T17:35:00+00:00,2026-07-14T19:55:00+00:00,751.99,752.1,2.633864985210506,0.2897251483731916,0.7923139971210541,-0.5025888487478625,end_of_day,18,8400,trend_path|rb=True|bps=2.0|frac=True
2026-07-14,2026-07-14T19:59:00+00:00,2026-07-14T19:59:00+00:00,751.99,751.87,2.6331966400879008,-0.31598359681056004,0.7919918198325182,-1.1079754166430782,end_of_day,18,0,trend_path|rb=True|bps=2.0|frac=True
2026-07-15,2026-07-15T13:38:00+00:00,2026-07-15T14:19:00+00:00,754.53,755.53,2.622863989454439,2.622863989454439,0.792136399183114,1.8307275902713251,target,19,2460,trend_path|rb=True|bps=2.0|frac=True
2026-07-15,2026-07-15T14:23:00+00:00,2026-07-15T15:17:00+00:00,754.53,752.23,2.6252903046311333,-6.038167700651488,0.7911364838812013,-6.829304184532689,trailing_stop,19,3240,trend_path|rb=True|bps=2.0|frac=True
2026-07-15,2026-07-15T15:22:00+00:00,2026-07-15T15:33:00+00:00,752.77,753.77,2.6223560840214093,2.6223560840214093,0.7901368669643227,1.8322192170570866,target,20,660,trend_path|rb=True|bps=2.0|frac=True
2026-07-15,2026-07-15T15:50:00+00:00,2026-07-15T17:46:00+00:00,752.77,753.77,2.624790053516816,2.624790053516816,0.7908702414450448,1.833919812071771,target,20,6960,trend_path|rb=True|bps=2.0|frac=True
2026-07-15,2026-07-15T18:44:00+00:00,2026-07-15T19:55:00+00:00,754.15,754.45,2.622418787241166,0.7867256361725288,0.7912361964864046,-0.0045105603138758665,end_of_day,22,4260,trend_path|rb=True|bps=2.0|frac=True
2026-07-16,2026-07-16T13:34:00+00:00,2026-07-16T14:08:00+00:00,752.17,753.17,2.629316002815336,2.629316002815336,0.7916029103356076,1.8377130924797287,target,23,2040,trend_path|rb=True|bps=2.0|frac=True
2026-07-16,2026-07-16T14:39:00+00:00,2026-07-16T16:15:00+00:00,753.84,751.93,2.625929018001288,-5.015524424382676,0.7908090274871599,-5.806333451869835,trailing_stop,25,5760,trend_path|rb=True|bps=2.0|frac=True
2026-07-16,2026-07-16T16:20:00+00:00,2026-07-16T16:55:00+00:00,751.85,752.85,2.625156610332142,2.625156610332142,0.7900146303133548,1.8351419800187874,target,26,2100,trend_path|rb=True|bps=2.0|frac=True
2026-07-16,2026-07-16T17:00:00+00:00,2026-07-16T18:40:00+00:00,752.37,750.22,2.6257813834393184,-5.645429974394475,0.7890945697884172,-6.434524544182892,trailing_stop,27,6000,trend_path|rb=True|bps=2.0|frac=True
2026-07-16,2026-07-16T19:07:00+00:00,2026-07-16T19:55:00+00:00,750.02,750.41,2.625429475099407,1.0239174952887329,0.7878546294646805,0.23606286582405234,end_of_day,28,2880,trend_path|rb=True|bps=2.0|frac=True
2026-07-17,2026-07-17T13:35:00+00:00,2026-07-17T13:40:00+00:00,740.83,741.83,2.658316587854003,2.658316587854003,0.7882759344295232,1.8700406534244798,target,29,300,trend_path|rb=True|bps=2.0|frac=True
2026-07-17,2026-07-17T14:20:00+00:00,2026-07-17T15:00:00+00:00,746.37,744.59,2.641090502610375,-4.701141094646395,0.787552059154393,-5.488693153800789,trailing_stop,36,2400,trend_path|rb=True|bps=2.0|frac=True
2026-07-17,2026-07-17T15:11:00+00:00,2026-07-17T15:29:00+00:00,744.38,745.38,2.640777593808948,2.640777593808948,0.7868249656305637,1.8539526281783845,target,38,1080,trend_path|rb=True|bps=2.0|frac=True
2026-07-17,2026-07-17T15:32:00+00:00,2026-07-17T15:54:00+00:00,744.94,745.94,2.641281147351039,2.641281147351039,0.7875666473925435,1.8537144999584956,target,39,1320,trend_path|rb=True|bps=2.0|frac=True
2026-07-17,2026-07-17T16:01:00+00:00,2026-07-17T16:48:00+00:00,745.99,746.99,2.640048381892038,2.640048381892038,0.7883078866394351,1.851740495252603,target,40,2820,trend_path|rb=True|bps=2.0|frac=True
2026-07-17,2026-07-17T17:20:00+00:00,2026-07-17T17:28:00+00:00,745.99,746.99,2.6425306410312395,2.6425306410312395,0.789049079289364,1.8534815617418756,target,40,480,trend_path|rb=True|bps=2.0|frac=True
2026-07-17,2026-07-17T17:36:00+00:00,2026-07-17T18:15:00+00:00,745.99,743.65,2.6450152340710145,-6.189335647726258,0.7880240986563092,-6.977359746382567,trailing_stop,40,2340,trend_path|rb=True|bps=2.0|frac=True
2026-07-17,2026-07-17T18:43:00+00:00,2026-07-17T18:49:00+00:00,743.23,744.23,2.645449665269504,2.645449665269504,0.7870001118203553,1.8584495534491488,target,41,360,trend_path|rb=True|bps=2.0|frac=True
2026-07-17,2026-07-17T19:03:00+00:00,2026-07-17T19:55:00+00:00,743.75,744.03,2.6460988292728778,0.7409076721963336,0.7873625832431204,-0.046454911046786784,end_of_day,42,3120,trend_path|rb=True|bps=2.0|frac=True
2026-07-17,2026-07-17T19:59:00+00:00,2026-07-17T19:59:00+00:00,743.75,743.16,2.646036368888277,-1.5611614576441675,0.7868835874527335,-2.348045045096901,end_of_day,42,0,trend_path|rb=True|bps=2.0|frac=True
2026-07-13,2026-07-13T13:40:00+00:00,2026-07-13T14:00:00+00:00,752.77,753.77,2.0,2.0,0.602616,1.397384,target,1,1200,trend_path|rb=True|bps=2.0|frac=False
2026-07-13,2026-07-13T14:02:00+00:00,2026-07-13T14:16:00+00:00,752.77,750.73,2.0,-4.079999999999927,0.6014,-4.681399999999927,trailing_stop,1,840,trend_path|rb=True|bps=2.0|frac=False
2026-07-13,2026-07-13T14:17:00+00:00,2026-07-13T14:19:00+00:00,750.92,751.92,2.0,2.0,0.601136,1.398864,target,2,120,trend_path|rb=True|bps=2.0|frac=False
2026-07-13,2026-07-13T14:35:00+00:00,2026-07-13T16:26:00+00:00,752.39,750.42,2.0,-3.9400000000000546,0.601124,-4.541124000000055,trailing_stop,4,6660,trend_path|rb=True|bps=2.0|frac=False
2026-07-13,2026-07-13T16:30:00+00:00,2026-07-13T19:38:00+00:00,749.85,748.03,2.0,-3.6400000000001,0.599152,-4.2391520000001,trailing_stop,5,11280,trend_path|rb=True|bps=2.0|frac=False
2026-07-14,2026-07-14T13:42:00+00:00,2026-07-14T13:45:00+00:00,750.68,751.68,2.0,2.0,0.6009439999999999,1.399056,target,9,180,trend_path|rb=True|bps=2.0|frac=False
2026-07-14,2026-07-14T13:47:00+00:00,2026-07-14T14:16:00+00:00,750.68,748.97,2.0,-3.4199999999998454,0.5998600000000001,-4.019859999999845,trailing_stop,9,1740,trend_path|rb=True|bps=2.0|frac=False
2026-07-14,2026-07-14T14:46:00+00:00,2026-07-14T14:58:00+00:00,750.94,751.94,2.0,2.0,0.601152,1.398848,target,13,720,trend_path|rb=True|bps=2.0|frac=False
2026-07-14,2026-07-14T15:18:00+00:00,2026-07-14T16:02:00+00:00,752.01,750.26,2.0,-3.5,0.600908,-4.100908,trailing_stop,14,2640,trend_path|rb=True|bps=2.0|frac=False
2026-07-14,2026-07-14T16:46:00+00:00,2026-07-14T17:09:00+00:00,751.18,752.18,2.0,2.0,0.601344,1.398656,target,17,1380,trend_path|rb=True|bps=2.0|frac=False
2026-07-14,2026-07-14T17:35:00+00:00,2026-07-14T19:55:00+00:00,751.99,752.1,2.0,0.22000000000002728,0.6016360000000001,-0.3816359999999728,end_of_day,18,8400,trend_path|rb=True|bps=2.0|frac=False
2026-07-14,2026-07-14T19:59:00+00:00,2026-07-14T19:59:00+00:00,751.99,751.87,2.0,-0.2400000000000091,0.6015440000000001,-0.8415440000000092,end_of_day,18,0,trend_path|rb=True|bps=2.0|frac=False
2026-07-15,2026-07-15T13:38:00+00:00,2026-07-15T14:19:00+00:00,754.53,755.53,2.0,2.0,0.604024,1.395976,target,19,2460,trend_path|rb=True|bps=2.0|frac=False
2026-07-15,2026-07-15T14:23:00+00:00,2026-07-15T15:17:00+00:00,754.53,752.23,2.0,-4.599999999999909,0.602704,-5.202703999999909,trailing_stop,19,3240,trend_path|rb=True|bps=2.0|frac=False
2026-07-15,2026-07-15T15:22:00+00:00,2026-07-15T15:33:00+00:00,752.77,753.77,2.0,2.0,0.602616,1.397384,target,20,660,trend_path|rb=True|bps=2.0|frac=False
2026-07-15,2026-07-15T15:50:00+00:00,2026-07-15T17:46:00+00:00,752.77,753.77,2.0,2.0,0.602616,1.397384,target,20,6960,trend_path|rb=True|bps=2.0|frac=False
2026-07-15,2026-07-15T18:44:00+00:00,2026-07-15T19:55:00+00:00,754.15,754.45,2.0,0.6000000000001364,0.60344,-0.003439999999863552,end_of_day,22,4260,trend_path|rb=True|bps=2.0|frac=False
2026-07-16,2026-07-16T13:34:00+00:00,2026-07-16T14:08:00+00:00,752.17,753.17,2.0,2.0,0.602136,1.397864,target,23,2040,trend_path|rb=True|bps=2.0|frac=False
2026-07-16,2026-07-16T14:39:00+00:00,2026-07-16T16:15:00+00:00,753.84,751.93,2.0,-3.8200000000001637,0.602308,-4.4223080000001636,trailing_stop,25,5760,trend_path|rb=True|bps=2.0|frac=False
2026-07-16,2026-07-16T16:20:00+00:00,2026-07-16T16:55:00+00:00,751.85,752.85,2.0,2.0,0.60188,1.39812,target,26,2100,trend_path|rb=True|bps=2.0|frac=False
2026-07-16,2026-07-16T17:00:00+00:00,2026-07-16T18:40:00+00:00,752.37,750.22,2.0,-4.2999999999999545,0.601036,-4.901035999999954,trailing_stop,27,6000,trend_path|rb=True|bps=2.0|frac=False
2026-07-16,2026-07-16T19:07:00+00:00,2026-07-16T19:55:00+00:00,750.02,750.41,2.0,0.7799999999999727,0.6001719999999999,0.1798279999999728,end_of_day,28,2880,trend_path|rb=True|bps=2.0|frac=False
2026-07-17,2026-07-17T13:35:00+00:00,2026-07-17T13:40:00+00:00,740.83,741.83,2.0,2.0,0.593064,1.406936,target,29,300,trend_path|rb=True|bps=2.0|frac=False
2026-07-17,2026-07-17T14:20:00+00:00,2026-07-17T15:00:00+00:00,746.37,744.59,2.0,-3.5599999999999454,0.596384,-4.156383999999946,trailing_stop,36,2400,trend_path|rb=True|bps=2.0|frac=False
2026-07-17,2026-07-17T15:11:00+00:00,2026-07-17T15:29:00+00:00,744.38,745.38,2.0,2.0,0.595904,1.404096,target,38,1080,trend_path|rb=True|bps=2.0|frac=False
2026-07-17,2026-07-17T15:32:00+00:00,2026-07-17T15:54:00+00:00,744.94,745.94,2.0,2.0,0.596352,1.403648,target,39,1320,trend_path|rb=True|bps=2.0|frac=False
2026-07-17,2026-07-17T16:01:00+00:00,2026-07-17T16:48:00+00:00,745.99,746.99,2.0,2.0,0.5971920000000001,1.4028079999999998,target,40,2820,trend_path|rb=True|bps=2.0|frac=False
2026-07-17,2026-07-17T17:20:00+00:00,2026-07-17T17:28:00+00:00,745.99,746.99,2.0,2.0,0.5971920000000001,1.4028079999999998,target,40,480,trend_path|rb=True|bps=2.0|frac=False
2026-07-17,2026-07-17T17:36:00+00:00,2026-07-17T18:15:00+00:00,745.99,743.65,2.0,-4.680000000000064,0.5958559999999999,-5.275856000000063,trailing_stop,40,2340,trend_path|rb=True|bps=2.0|frac=False
2026-07-17,2026-07-17T18:43:00+00:00,2026-07-17T18:49:00+00:00,743.23,744.23,2.0,2.0,0.5949840000000001,1.4050159999999998,target,41,360,trend_path|rb=True|bps=2.0|frac=False
2026-07-17,2026-07-17T19:03:00+00:00,2026-07-17T19:55:00+00:00,743.75,744.03,2.0,0.5599999999999454,0.595112,-0.035112000000054544,end_of_day,42,3120,trend_path|rb=True|bps=2.0|frac=False
2026-07-17,2026-07-17T19:59:00+00:00,2026-07-17T19:59:00+00:00,743.75,743.16,2.0,-1.1800000000000637,0.594764,-1.7747640000000637,end_of_day,42,0,trend_path|rb=True|bps=2.0|frac=False
2026-07-13,2026-07-13T13:40:00+00:00,2026-07-13T14:00:00+00:00,752.77,753.77,2.6568540191559173,2.6568540191559173,2.001328427009578,0.6555255921463394,target,1,1200,trend_path|rb=True|bps=5.0|frac=True
2026-07-13,2026-07-13T14:02:00+00:00,2026-07-13T14:16:00+00:00,752.77,750.73,2.6577248370579944,-5.421758667598212,1.9979446462583474,-7.41970331385656,trailing_stop,1,840,trend_path|rb=True|bps=5.0|frac=True
2026-07-13,2026-07-13T14:17:00+00:00,2026-07-13T14:19:00+00:00,750.92,751.92,2.6543917092077582,2.6543917092077582,1.9945630181328935,0.6598286910748647,target,2,120,trend_path|rb=True|bps=5.0|frac=True
2026-07-13,2026-07-13T14:35:00+00:00,2026-07-13T16:26:00+00:00,752.39,750.42,2.650082604725428,-5.220662731309165,1.99128531960371,-7.211948050912875,trailing_stop,4,6660,trend_path|rb=True|bps=5.0|frac=True
2026-07-13,2026-07-13T16:30:00+00:00,2026-07-13T19:38:00+00:00,749.85,748.03,2.6494414921897067,-4.821983515785399,1.9842727111605594,-6.806256226945958,trailing_stop,5,11280,trend_path|rb=True|bps=5.0|frac=True
2026-07-14,2026-07-14T13:42:00+00:00,2026-07-14T13:45:00+00:00,750.68,751.68,2.6374453118392736,2.6374453118392736,1.9811961693474256,0.656249142491848,target,9,180,trend_path|rb=True|bps=5.0|frac=True
2026-07-14,2026-07-14T13:47:00+00:00,2026-07-14T14:16:00+00:00,750.68,748.97,2.6383195180822687,-4.511526375920475,1.9782779326460371,-6.489804308566512,trailing_stop,9,1740,trend_path|rb=True|bps=5.0|frac=True
2026-07-14,2026-07-14T14:46:00+00:00,2026-07-14T14:58:00+00:00,750.94,751.94,2.628763804731977,2.628763804731977,1.9753582734277966,0.6534055313041802,target,13,720,trend_path|rb=True|bps=5.0|frac=True
2026-07-14,2026-07-14T15:18:00+00:00,2026-07-14T16:02:00+00:00,752.01,750.26,2.625892337943292,-4.595311591400761,1.9723996412610345,-6.567711232661796,trailing_stop,14,2640,trend_path|rb=True|bps=5.0|frac=True
2026-07-14,2026-07-14T16:46:00+00:00,2026-07-14T17:09:00+00:00,751.18,752.18,2.6200505682047885,2.6200505682047885,1.9694396111081756,0.650610957096613,target,17,1380,trend_path|rb=True|bps=5.0|frac=True
2026-07-14,2026-07-14T17:35:00+00:00,2026-07-14T19:55:00+00:00,751.99,752.1,2.618093587389686,0.28799029461290115,1.9689241919284763,-1.6809338973155752,end_of_day,18,8400,trend_path|rb=True|bps=5.0|frac=True
2026-07-14,2026-07-14T19:59:00+00:00,2026-07-14T19:59:00+00:00,751.99,751.87,2.6158582732268436,-0.3139029927872331,1.9669423113874607,-2.2808453041746937,end_of_day,18,0,trend_path|rb=True|bps=5.0|frac=True
2026-07-15,2026-07-15T13:38:00+00:00,2026-07-15T14:19:00+00:00,754.53,755.53,2.604029551614488,2.604029551614488,1.966120432355487,0.637909119259001,target,19,2460,trend_path|rb=True|bps=5.0|frac=True
2026-07-15,2026-07-15T14:23:00+00:00,2026-07-15T15:17:00+00:00,754.53,752.23,2.6048749906550284,-5.991212478506447,1.9624607204596853,-7.953673198966133,trailing_stop,19,3240,trend_path|rb=True|bps=5.0|frac=True
2026-07-15,2026-07-15T15:22:00+00:00,2026-07-15T15:33:00+00:00,752.77,753.77,2.6003993962298875,2.6003993962298875,1.9588028531980872,0.6415965430318002,target,20,660,trend_path|rb=True|bps=5.0|frac=True
2026-07-15,2026-07-15T15:50:00+00:00,2026-07-15T17:46:00+00:00,752.77,753.77,2.6012517104069026,2.6012517104069026,1.9594448758982075,0.6418068345086951,target,20,6960,trend_path|rb=True|bps=5.0|frac=True
2026-07-15,2026-07-15T18:44:00+00:00,2026-07-15T19:55:00+00:00,754.15,754.45,2.5973427791255226,0.7792028337378339,1.9591756582943813,-1.1799728245565473,end_of_day,22,4260,trend_path|rb=True|bps=5.0|frac=True
2026-07-16,2026-07-16T13:34:00+00:00,2026-07-16T14:08:00+00:00,752.17,753.17,2.6026112235970014,2.6026112235970014,1.9589073896647546,0.6437038339322467,target,23,2040,trend_path|rb=True|bps=5.0|frac=True
2026-07-16,2026-07-16T14:39:00+00:00,2026-07-16T16:15:00+00:00,753.84,751.93,2.5976994957642057,-4.961606036909846,1.955768984868434,-6.9173750217782795,trailing_stop,25,5760,trend_path|rb=True|bps=5.0|frac=True
2026-07-16,2026-07-16T16:20:00+00:00,2026-07-16T16:55:00+00:00,751.85,752.85,2.59537462640834,2.59537462640834,1.9526301001783148,0.6427445262300251,target,26,2100,trend_path|rb=True|bps=5.0|frac=True
2026-07-16,2026-07-16T17:00:00+00:00,2026-07-16T18:40:00+00:00,752.37,750.22,2.5944351281833944,-5.578035525594239,1.9491861396285437,-7.527221665222783,trailing_stop,27,6000,trend_path|rb=True|bps=5.0|frac=True
2026-07-16,2026-07-16T19:07:00+00:00,2026-07-16T19:55:00+00:00,750.02,750.41,2.5925281135517952,1.0110859642851648,1.9449534787082596,-0.9338675144230948,end_of_day,28,2880,trend_path|rb=True|bps=5.0|frac=True
2026-07-17,2026-07-17T13:35:00+00:00,2026-07-17T13:40:00+00:00,740.83,741.83,2.6234278690275694,2.6234278690275694,1.944825782146208,0.6786020868813614,target,29,300,trend_path|rb=True|bps=5.0|frac=True
2026-07-17,2026-07-17T14:20:00+00:00,2026-07-17T15:00:00+00:00,746.37,744.59,2.604864437609464,-4.636658698944775,1.941874340949103,-6.578533039893878,trailing_stop,36,2400,trend_path|rb=True|bps=5.0|frac=True
2026-07-17,2026-07-17T15:11:00+00:00,2026-07-17T15:29:00+00:00,744.38,745.38,2.6029905925181787,2.6029905925181787,1.9389156325549408,0.6640749599632378,target,38,1080,trend_path|rb=True|bps=5.0|frac=True
2026-07-17,2026-07-17T15:32:00+00:00,2026-07-17T15:54:00+00:00,744.94,745.94,2.6019252721274797,2.6019252721274797,1.9395791748547087,0.662346097272771,target,39,1320,trend_path|rb=True|bps=5.0|frac=True
2026-07-17,2026-07-17T16:01:00+00:00,2026-07-17T16:48:00+00:00,745.99,746.99,2.5991508710785904,2.5991508710785904,1.940240133751457,0.6589107373271335,target,40,2820,trend_path|rb=True|bps=5.0|frac=True
2026-07-17,2026-07-17T17:20:00+00:00,2026-07-17T17:28:00+00:00,745.99,746.99,2.600034141279702,2.600034141279702,1.9408994861238846,0.6591346551558175,target,40,480,trend_path|rb=True|bps=5.0|frac=True
2026-07-17,2026-07-17T17:36:00+00:00,2026-07-17T18:15:00+00:00,745.99,743.65,2.6009177116427846,-6.086147445244198,1.9372155299857787,-8.023362975229977,trailing_stop,40,2340,trend_path|rb=True|bps=5.0|frac=True
2026-07-17,2026-07-17T18:43:00+00:00,2026-07-17T18:49:00+00:00,743.23,744.23,2.5997810109026425,2.5997810109026425,1.9335351312386224,0.66624587966402,target,41,360,trend_path|rb=True|bps=5.0|frac=True
2026-07-17,2026-07-17T19:03:00+00:00,2026-07-17T19:55:00+00:00,743.75,744.03,2.598859141664316,0.7276805596659376,1.9332653268926678,-1.2055847672267301,end_of_day,42,3120,trend_path|rb=True|bps=5.0|frac=True
2026-07-17,2026-07-17T19:59:00+00:00,2026-07-17T19:59:00+00:00,743.75,743.16,2.5972381873554395,-1.532370530539792,1.9309297165803383,-3.4633002471201304,end_of_day,42,0,trend_path|rb=True|bps=5.0|frac=True
2026-07-13,2026-07-13T13:40:00+00:00,2026-07-13T14:00:00+00:00,752.77,753.77,2.0,2.0,1.50654,0.49346,target,1,1200,trend_path|rb=True|bps=5.0|frac=False
2026-07-13,2026-07-13T14:02:00+00:00,2026-07-13T14:16:00+00:00,752.77,750.73,2.0,-4.079999999999927,1.5035,-5.583499999999927,trailing_stop,1,840,trend_path|rb=True|bps=5.0|frac=False
2026-07-13,2026-07-13T14:17:00+00:00,2026-07-13T14:19:00+00:00,750.92,751.92,2.0,2.0,1.50284,0.49716000000000005,target,2,120,trend_path|rb=True|bps=5.0|frac=False
2026-07-13,2026-07-13T14:35:00+00:00,2026-07-13T16:26:00+00:00,752.39,750.42,2.0,-3.9400000000000546,1.5028099999999998,-5.442810000000055,trailing_stop,4,6660,trend_path|rb=True|bps=5.0|frac=False
2026-07-13,2026-07-13T16:30:00+00:00,2026-07-13T19:38:00+00:00,749.85,748.03,2.0,-3.6400000000001,1.49788,-5.1378800000001,trailing_stop,5,11280,trend_path|rb=True|bps=5.0|frac=False
2026-07-14,2026-07-14T13:42:00+00:00,2026-07-14T13:45:00+00:00,750.68,751.68,2.0,2.0,1.50236,0.4976400000000001,target,9,180,trend_path|rb=True|bps=5.0|frac=False
2026-07-14,2026-07-14T13:47:00+00:00,2026-07-14T14:16:00+00:00,750.68,748.97,2.0,-3.4199999999998454,1.49965,-4.919649999999845,trailing_stop,9,1740,trend_path|rb=True|bps=5.0|frac=False
2026-07-14,2026-07-14T14:46:00+00:00,2026-07-14T14:58:00+00:00,750.94,751.94,2.0,2.0,1.5028800000000002,0.4971199999999998,target,13,720,trend_path|rb=True|bps=5.0|frac=False
2026-07-14,2026-07-14T15:18:00+00:00,2026-07-14T16:02:00+00:00,752.01,750.26,2.0,-3.5,1.50227,-5.00227,trailing_stop,14,2640,trend_path|rb=True|bps=5.0|frac=False
2026-07-14,2026-07-14T16:46:00+00:00,2026-07-14T17:09:00+00:00,751.18,752.18,2.0,2.0,1.5033599999999998,0.4966400000000002,target,17,1380,trend_path|rb=True|bps=5.0|frac=False
2026-07-14,2026-07-14T17:35:00+00:00,2026-07-14T19:55:00+00:00,751.99,752.1,2.0,0.22000000000002728,1.5040900000000001,-1.2840899999999729,end_of_day,18,8400,trend_path|rb=True|bps=5.0|frac=False
2026-07-14,2026-07-14T19:59:00+00:00,2026-07-14T19:59:00+00:00,751.99,751.87,2.0,-0.2400000000000091,1.5038600000000002,-1.7438600000000093,end_of_day,18,0,trend_path|rb=True|bps=5.0|frac=False
2026-07-15,2026-07-15T13:38:00+00:00,2026-07-15T14:19:00+00:00,754.53,755.53,2.0,2.0,1.51006,0.48994000000000004,target,19,2460,trend_path|rb=True|bps=5.0|frac=False
2026-07-15,2026-07-15T14:23:00+00:00,2026-07-15T15:17:00+00:00,754.53,752.23,2.0,-4.599999999999909,1.50676,-6.106759999999909,trailing_stop,19,3240,trend_path|rb=True|bps=5.0|frac=False
2026-07-15,2026-07-15T15:22:00+00:00,2026-07-15T15:33:00+00:00,752.77,753.77,2.0,2.0,1.50654,0.49346,target,20,660,trend_path|rb=True|bps=5.0|frac=False
2026-07-15,2026-07-15T15:50:00+00:00,2026-07-15T17:46:00+00:00,752.77,753.77,2.0,2.0,1.50654,0.49346,target,20,6960,trend_path|rb=True|bps=5.0|frac=False
2026-07-15,2026-07-15T18:44:00+00:00,2026-07-15T19:55:00+00:00,754.15,754.45,2.0,0.6000000000001364,1.5086,-0.9085999999998635,end_of_day,22,4260,trend_path|rb=True|bps=5.0|frac=False
2026-07-16,2026-07-16T13:34:00+00:00,2026-07-16T14:08:00+00:00,752.17,753.17,2.0,2.0,1.50534,0.4946600000000001,target,23,2040,trend_path|rb=True|bps=5.0|frac=False
2026-07-16,2026-07-16T14:39:00+00:00,2026-07-16T16:15:00+00:00,753.84,751.93,2.0,-3.8200000000001637,1.50577,-5.325770000000164,trailing_stop,25,5760,trend_path|rb=True|bps=5.0|frac=False
2026-07-16,2026-07-16T16:20:00+00:00,2026-07-16T16:55:00+00:00,751.85,752.85,2.0,2.0,1.5047,0.4953000000000001,target,26,2100,trend_path|rb=True|bps=5.0|frac=False
2026-07-16,2026-07-16T17:00:00+00:00,2026-07-16T18:40:00+00:00,752.37,750.22,2.0,-4.2999999999999545,1.50259,-5.802589999999954,trailing_stop,27,6000,trend_path|rb=True|bps=5.0|frac=False
2026-07-16,2026-07-16T19:07:00+00:00,2026-07-16T19:55:00+00:00,750.02,750.41,2.0,0.7799999999999727,1.50043,-0.7204300000000272,end_of_day,28,2880,trend_path|rb=True|bps=5.0|frac=False
2026-07-17,2026-07-17T13:35:00+00:00,2026-07-17T13:40:00+00:00,740.83,741.83,2.0,2.0,1.48266,0.5173399999999999,target,29,300,trend_path|rb=True|bps=5.0|frac=False
2026-07-17,2026-07-17T14:20:00+00:00,2026-07-17T15:00:00+00:00,746.37,744.59,2.0,-3.5599999999999454,1.49096,-5.050959999999946,trailing_stop,36,2400,trend_path|rb=True|bps=5.0|frac=False
2026-07-17,2026-07-17T15:11:00+00:00,2026-07-17T15:29:00+00:00,744.38,745.38,2.0,2.0,1.48976,0.51024,target,38,1080,trend_path|rb=True|bps=5.0|frac=False
2026-07-17,2026-07-17T15:32:00+00:00,2026-07-17T15:54:00+00:00,744.94,745.94,2.0,2.0,1.4908800000000002,0.5091199999999998,target,39,1320,trend_path|rb=True|bps=5.0|frac=False
2026-07-17,2026-07-17T16:01:00+00:00,2026-07-17T16:48:00+00:00,745.99,746.99,2.0,2.0,1.49298,0.50702,target,40,2820,trend_path|rb=True|bps=5.0|frac=False
2026-07-17,2026-07-17T17:20:00+00:00,2026-07-17T17:28:00+00:00,745.99,746.99,2.0,2.0,1.49298,0.50702,target,40,480,trend_path|rb=True|bps=5.0|frac=False
2026-07-17,2026-07-17T17:36:00+00:00,2026-07-17T18:15:00+00:00,745.99,743.65,2.0,-4.680000000000064,1.4896399999999999,-6.169640000000063,trailing_stop,40,2340,trend_path|rb=True|bps=5.0|frac=False
2026-07-17,2026-07-17T18:43:00+00:00,2026-07-17T18:49:00+00:00,743.23,744.23,2.0,2.0,1.48746,0.51254,target,41,360,trend_path|rb=True|bps=5.0|frac=False
2026-07-17,2026-07-17T19:03:00+00:00,2026-07-17T19:55:00+00:00,743.75,744.03,2.0,0.5599999999999454,1.4877799999999999,-0.9277800000000545,end_of_day,42,3120,trend_path|rb=True|bps=5.0|frac=False
2026-07-17,2026-07-17T19:59:00+00:00,2026-07-17T19:59:00+00:00,743.75,743.16,2.0,-1.1800000000000637,1.48691,-2.6669100000000636,end_of_day,42,0,trend_path|rb=True|bps=5.0|frac=False
2026-07-13,2026-07-13T13:40:00+00:00,2026-07-13T14:00:00+00:00,752.77,753.77,2.6568540191559173,2.6568540191559173,4.002656854019156,-1.3458028348632385,target,1,1200,trend_path|rb=True|bps=10.0|frac=True
2026-07-13,2026-07-13T14:02:00+00:00,2026-07-13T14:16:00+00:00,752.77,750.73,2.6550662183205187,-5.4163350853737615,3.9918920592449,-9.408227144618662,trailing_stop,1,840,trend_path|rb=True|bps=10.0|frac=True
2026-07-13,2026-07-13T14:17:00+00:00,2026-07-13T14:19:00+00:00,750.92,751.92,2.6490784238274627,2.6490784238274627,3.981141018464864,-1.3320625946374012,target,2,120,trend_path|rb=True|bps=10.0|frac=True
2026-07-13,2026-07-13T14:35:00+00:00,2026-07-13T16:26:00+00:00,752.39,750.42,2.642132281696834,-5.2050005949428355,3.9706228142568185,-9.175623409199654,trailing_stop,4,6660,trend_path|rb=True|bps=10.0|frac=True
2026-07-13,2026-07-13T16:30:00+00:00,2026-07-13T19:38:00+00:00,749.85,748.03,2.638845481118465,-4.802698775635738,3.9526738692577266,-8.755372644893464,trailing_stop,5,11280,trend_path|rb=True|bps=10.0|frac=True
2026-07-14,2026-07-14T13:42:00+00:00,2026-07-14T13:45:00+00:00,750.68,751.68,2.624264548638285,2.624264548638285,3.942590087292214,-1.3183255386539288,target,9,180,trend_path|rb=True|bps=10.0|frac=True
2026-07-14,2026-07-14T13:47:00+00:00,2026-07-14T14:16:00+00:00,750.68,748.97,2.622508373518855,-4.484489318717039,3.932844682347551,-8.41733400106459,trailing_stop,9,1740,trend_path|rb=True|bps=10.0|frac=True
2026-07-14,2026-07-14T14:46:00+00:00,2026-07-14T14:58:00+00:00,750.94,751.94,2.6103913119983875,2.6103913119983875,3.9231048949761376,-1.31271358297775,target,13,720,trend_path|rb=True|bps=10.0|frac=True
2026-07-14,2026-07-14T15:18:00+00:00,2026-07-14T16:02:00+00:00,752.01,750.26,2.6049315012421266,-4.558630127173721,3.91331044637101,-8.471940573544732,trailing_stop,14,2640,trend_path|rb=True|bps=10.0|frac=True
2026-07-14,2026-07-14T16:46:00+00:00,2026-07-14T17:09:00+00:00,751.18,752.18,2.596531587203529,2.596531587203529,3.903521726938297,-1.306990139734768,target,17,1380,trend_path|rb=True|bps=10.0|frac=True
2026-07-14,2026-07-14T17:35:00+00:00,2026-07-14T19:55:00+00:00,751.99,752.1,2.591996712104964,0.2851196383315814,3.8985963347099553,-3.613476696378374,end_of_day,18,8400,trend_path|rb=True|bps=10.0|frac=True
2026-07-14,2026-07-14T19:59:00+00:00,2026-07-14T19:59:00+00:00,751.99,751.87,2.5871914930244198,-0.31046297916294213,3.890773798699704,-4.201236777862646,end_of_day,18,0,trend_path|rb=True|bps=10.0|frac=True
2026-07-15,2026-07-15T13:38:00+00:00,2026-07-15T14:19:00+00:00,754.53,755.53,2.5729141241058286,2.5729141241058286,3.8852547022472477,-1.312340578141419,target,19,2460,trend_path|rb=True|bps=10.0|frac=True
2026-07-15,2026-07-15T14:23:00+00:00,2026-07-15T15:17:00+00:00,754.53,752.23,2.5711748419326326,-5.913702136444938,3.8741434048304138,-9.787845541275352,trailing_stop,19,3240,trend_path|rb=True|bps=10.0|frac=True
2026-07-15,2026-07-15T15:22:00+00:00,2026-07-15T15:33:00+00:00,752.77,753.77,2.5641838914172377,2.5641838914172377,3.863045599775725,-1.2988617083584875,target,20,660,trend_path|rb=True|bps=10.0|frac=True
2026-07-15,2026-07-15T15:50:00+00:00,2026-07-15T17:46:00+00:00,752.77,753.77,2.5624584484421473,2.5624584484421473,3.8604461509160326,-1.2979877024738853,target,20,6960,trend_path|rb=True|bps=10.0|frac=True
2026-07-15,2026-07-15T18:44:00+00:00,2026-07-15T19:55:00+00:00,754.15,754.45,2.556048343872335,0.7668145031618749,3.8560545315658046,-3.0892400284039296,end_of_day,22,4260,trend_path|rb=True|bps=10.0|frac=True
2026-07-16,2026-07-16T13:34:00+00:00,2026-07-16T14:08:00+00:00,752.17,753.17,2.5586697402221805,2.5586697402221805,3.8516679067460564,-1.292998166523876,target,23,2040,trend_path|rb=True|bps=10.0|frac=True
2026-07-16,2026-07-16T14:39:00+00:00,2026-07-16T16:15:00+00:00,753.84,751.93,2.5512862415584125,-4.872956721376776,3.8416502839514113,-8.714607005328187,trailing_stop,25,5760,trend_path|rb=True|bps=10.0|frac=True
2026-07-16,2026-07-16T16:20:00+00:00,2026-07-16T16:55:00+00:00,751.85,752.85,2.546448112430758,2.546448112430758,3.831640474774561,-1.2851923623438033,target,26,2100,trend_path|rb=True|bps=10.0|frac=True
2026-07-16,2026-07-16T17:00:00+00:00,2026-07-16T18:40:00+00:00,752.37,750.22,2.5429799446664827,-5.46740688103288,3.8210562350564103,-9.28846311608929,trailing_stop,27,6000,trend_path|rb=True|bps=10.0|frac=True
2026-07-16,2026-07-16T19:07:00+00:00,2026-07-16T19:55:00+00:00,750.02,750.41,2.538563448778209,0.9900397450234669,3.808936755450288,-2.8188970104268214,end_of_day,28,2880,trend_path|rb=True|bps=10.0|frac=True
2026-07-17,2026-07-17T13:35:00+00:00,2026-07-17T13:40:00+00:00,740.83,741.83,2.566249289097641,2.566249289097641,3.8048751709735087,-1.2386258818758678,target,29,300,trend_path|rb=True|bps=10.0|frac=True
2026-07-17,2026-07-17T14:20:00+00:00,2026-07-17T15:00:00+00:00,746.37,744.59,2.545541534306483,-4.531063931065471,3.7953006059895937,-8.326364537055063,trailing_stop,36,2400,trend_path|rb=True|bps=10.0|frac=True
2026-07-17,2026-07-17T15:11:00+00:00,2026-07-17T15:29:00+00:00,744.38,745.38,2.5411610607798094,2.5411610607798094,3.7857201019073283,-1.244559041127519,target,38,1080,trend_path|rb=True|bps=10.0|frac=True
2026-07-17,2026-07-17T15:32:00+00:00,2026-07-17T15:54:00+00:00,744.94,745.94,2.5375800888422515,2.5375800888422515,3.7832274028531363,-1.2456473140108848,target,39,1320,trend_path|rb=True|bps=10.0|frac=True
2026-07-17,2026-07-17T16:01:00+00:00,2026-07-17T16:48:00+00:00,745.99,746.99,2.532338589080465,2.532338589080465,3.780730866725353,-1.248392277644888,target,40,2820,trend_path|rb=True|bps=10.0|frac=True
2026-07-17,2026-07-17T17:20:00+00:00,2026-07-17T17:28:00+00:00,745.99,746.99,2.5306651185545266,2.5306651185545266,3.7782324086995374,-1.2475672901450108,target,40,480,trend_path|rb=True|bps=10.0|frac=True
2026-07-17,2026-07-17T17:36:00+00:00,2026-07-17T18:15:00+00:00,745.99,743.65,2.5289927539247796,-5.917843044184065,3.7672887659565086,-9.685131810140573,trailing_stop,40,2340,trend_path|rb=True|bps=10.0|frac=True
2026-07-17,2026-07-17T18:43:00+00:00,2026-07-17T18:49:00+00:00,743.23,744.23,2.5253530840926843,2.5253530840926843,3.7563616984645045,-1.2310086143718202,target,41,360,trend_path|rb=True|bps=10.0|frac=True
2026-07-17,2026-07-17T19:03:00+00:00,2026-07-17T19:55:00+00:00,743.75,744.03,2.5219323214464993,0.706141050004951,3.7520804692016725,-3.0459394191967215,end_of_day,42,3120,trend_path|rb=True|bps=10.0|frac=True
2026-07-17,2026-07-17T19:59:00+00:00,2026-07-17T19:59:00+00:00,743.75,743.16,2.5178369407148065,-1.4855237950218159,3.743796925518253,-5.229320720540069,end_of_day,42,0,trend_path|rb=True|bps=10.0|frac=True
2026-07-13,2026-07-13T13:40:00+00:00,2026-07-13T14:00:00+00:00,752.77,753.77,2.0,2.0,3.01308,-1.01308,target,1,1200,trend_path|rb=True|bps=10.0|frac=False
2026-07-13,2026-07-13T14:02:00+00:00,2026-07-13T14:16:00+00:00,752.77,750.73,2.0,-4.079999999999927,3.007,-7.086999999999927,trailing_stop,1,840,trend_path|rb=True|bps=10.0|frac=False
2026-07-13,2026-07-13T14:17:00+00:00,2026-07-13T14:19:00+00:00,750.92,751.92,2.0,2.0,3.00568,-1.00568,target,2,120,trend_path|rb=True|bps=10.0|frac=False
2026-07-13,2026-07-13T14:35:00+00:00,2026-07-13T16:26:00+00:00,752.39,750.42,2.0,-3.9400000000000546,3.0056199999999995,-6.945620000000054,trailing_stop,4,6660,trend_path|rb=True|bps=10.0|frac=False
2026-07-13,2026-07-13T16:30:00+00:00,2026-07-13T19:38:00+00:00,749.85,748.03,2.0,-3.6400000000001,2.99576,-6.635760000000101,trailing_stop,5,11280,trend_path|rb=True|bps=10.0|frac=False
2026-07-14,2026-07-14T13:42:00+00:00,2026-07-14T13:45:00+00:00,750.68,751.68,2.0,2.0,3.00472,-1.0047199999999998,target,9,180,trend_path|rb=True|bps=10.0|frac=False
2026-07-14,2026-07-14T13:47:00+00:00,2026-07-14T14:16:00+00:00,750.68,748.97,2.0,-3.4199999999998454,2.9993,-6.419299999999845,trailing_stop,9,1740,trend_path|rb=True|bps=10.0|frac=False
2026-07-14,2026-07-14T14:46:00+00:00,2026-07-14T14:58:00+00:00,750.94,751.94,2.0,2.0,3.0057600000000004,-1.0057600000000004,target,13,720,trend_path|rb=True|bps=10.0|frac=False
2026-07-14,2026-07-14T15:18:00+00:00,2026-07-14T16:02:00+00:00,752.01,750.26,2.0,-3.5,3.00454,-6.50454,trailing_stop,14,2640,trend_path|rb=True|bps=10.0|frac=False
2026-07-14,2026-07-14T16:46:00+00:00,2026-07-14T17:09:00+00:00,751.18,752.18,2.0,2.0,3.0067199999999996,-1.0067199999999996,target,17,1380,trend_path|rb=True|bps=10.0|frac=False
2026-07-14,2026-07-14T17:35:00+00:00,2026-07-14T19:55:00+00:00,751.99,752.1,2.0,0.22000000000002728,3.0081800000000003,-2.788179999999973,end_of_day,18,8400,trend_path|rb=True|bps=10.0|frac=False
2026-07-14,2026-07-14T19:59:00+00:00,2026-07-14T19:59:00+00:00,751.99,751.87,2.0,-0.2400000000000091,3.0077200000000004,-3.2477200000000095,end_of_day,18,0,trend_path|rb=True|bps=10.0|frac=False
2026-07-15,2026-07-15T13:38:00+00:00,2026-07-15T14:19:00+00:00,754.53,755.53,2.0,2.0,3.02012,-1.02012,target,19,2460,trend_path|rb=True|bps=10.0|frac=False
2026-07-15,2026-07-15T14:23:00+00:00,2026-07-15T15:17:00+00:00,754.53,752.23,2.0,-4.599999999999909,3.01352,-7.613519999999909,trailing_stop,19,3240,trend_path|rb=True|bps=10.0|frac=False
2026-07-15,2026-07-15T15:22:00+00:00,2026-07-15T15:33:00+00:00,752.77,753.77,2.0,2.0,3.01308,-1.01308,target,20,660,trend_path|rb=True|bps=10.0|frac=False
2026-07-15,2026-07-15T15:50:00+00:00,2026-07-15T17:46:00+00:00,752.77,753.77,2.0,2.0,3.01308,-1.01308,target,20,6960,trend_path|rb=True|bps=10.0|frac=False
2026-07-15,2026-07-15T18:44:00+00:00,2026-07-15T19:55:00+00:00,754.15,754.45,2.0,0.6000000000001364,3.0172,-2.4171999999998635,end_of_day,22,4260,trend_path|rb=True|bps=10.0|frac=False
2026-07-16,2026-07-16T13:34:00+00:00,2026-07-16T14:08:00+00:00,752.17,753.17,2.0,2.0,3.01068,-1.0106799999999998,target,23,2040,trend_path|rb=True|bps=10.0|frac=False
2026-07-16,2026-07-16T14:39:00+00:00,2026-07-16T16:15:00+00:00,753.84,751.93,2.0,-3.8200000000001637,3.01154,-6.831540000000164,trailing_stop,25,5760,trend_path|rb=True|bps=10.0|frac=False
2026-07-16,2026-07-16T16:20:00+00:00,2026-07-16T16:55:00+00:00,751.85,752.85,2.0,2.0,3.0094,-1.0093999999999999,target,26,2100,trend_path|rb=True|bps=10.0|frac=False
2026-07-16,2026-07-16T17:00:00+00:00,2026-07-16T18:40:00+00:00,752.37,750.22,2.0,-4.2999999999999545,3.00518,-7.305179999999955,trailing_stop,27,6000,trend_path|rb=True|bps=10.0|frac=False
2026-07-16,2026-07-16T19:07:00+00:00,2026-07-16T19:55:00+00:00,750.02,750.41,2.0,0.7799999999999727,3.00086,-2.220860000000027,end_of_day,28,2880,trend_path|rb=True|bps=10.0|frac=False
2026-07-17,2026-07-17T13:35:00+00:00,2026-07-17T13:40:00+00:00,740.83,741.83,2.0,2.0,2.96532,-0.9653200000000002,target,29,300,trend_path|rb=True|bps=10.0|frac=False
2026-07-17,2026-07-17T14:20:00+00:00,2026-07-17T15:00:00+00:00,746.37,744.59,2.0,-3.5599999999999454,2.98192,-6.541919999999946,trailing_stop,36,2400,trend_path|rb=True|bps=10.0|frac=False
2026-07-17,2026-07-17T15:11:00+00:00,2026-07-17T15:29:00+00:00,744.38,745.38,2.0,2.0,2.97952,-0.97952,target,38,1080,trend_path|rb=True|bps=10.0|frac=False
2026-07-17,2026-07-17T15:32:00+00:00,2026-07-17T15:54:00+00:00,744.94,745.94,2.0,2.0,2.9817600000000004,-0.9817600000000004,target,39,1320,trend_path|rb=True|bps=10.0|frac=False
2026-07-17,2026-07-17T16:01:00+00:00,2026-07-17T16:48:00+00:00,745.99,746.99,2.0,2.0,2.98596,-0.98596,target,40,2820,trend_path|rb=True|bps=10.0|frac=False
2026-07-17,2026-07-17T17:20:00+00:00,2026-07-17T17:28:00+00:00,745.99,746.99,2.0,2.0,2.98596,-0.98596,target,40,480,trend_path|rb=True|bps=10.0|frac=False
2026-07-17,2026-07-17T17:36:00+00:00,2026-07-17T18:15:00+00:00,745.99,743.65,2.0,-4.680000000000064,2.9792799999999997,-7.659280000000063,trailing_stop,40,2340,trend_path|rb=True|bps=10.0|frac=False
2026-07-17,2026-07-17T18:43:00+00:00,2026-07-17T18:49:00+00:00,743.23,744.23,2.0,2.0,2.97492,-0.97492,target,41,360,trend_path|rb=True|bps=10.0|frac=False
2026-07-17,2026-07-17T19:03:00+00:00,2026-07-17T19:55:00+00:00,743.75,744.03,2.0,0.5599999999999454,2.9755599999999998,-2.4155600000000543,end_of_day,42,3120,trend_path|rb=True|bps=10.0|frac=False
2026-07-17,2026-07-17T19:59:00+00:00,2026-07-17T19:59:00+00:00,743.75,743.16,2.0,-1.1800000000000637,2.97382,-4.153820000000064,end_of_day,42,0,trend_path|rb=True|bps=10.0|frac=False
2026-07-13,2026-07-13T13:51:00+00:00,2026-07-13T13:55:00+00:00,751.97,752.97,2.6596805723632593,2.6596805723632593,0.0,2.6596805723632593,target,0,240,trend_path|rb=False|bps=0.0|frac=True
2026-07-13,2026-07-13T14:16:00+00:00,2026-07-13T14:26:00+00:00,751.97,752.97,2.6632175227367623,2.6632175227367623,0.0,2.6632175227367623,target,0,600,trend_path|rb=False|bps=0.0|frac=True
2026-07-13,2026-07-13T14:37:00+00:00,2026-07-13T15:00:00+00:00,751.97,752.97,2.666759176689362,2.666759176689362,0.0,2.666759176689362,target,0,1380,trend_path|rb=False|bps=0.0|frac=True
2026-07-13,2026-07-13T15:13:00+00:00,2026-07-13T16:29:00+00:00,751.97,749.93,2.6703055404760683,-5.447423302571385,0.0,-5.447423302571385,trailing_stop,0,4560,trend_path|rb=False|bps=0.0|frac=True
2026-07-14,2026-07-14T14:35:00+00:00,2026-07-14T15:04:00+00:00,751.97,752.97,2.663061337512424,2.663061337512424,0.0,2.663061337512424,target,0,1740,trend_path|rb=False|bps=0.0|frac=True
2026-07-14,2026-07-14T15:18:00+00:00,2026-07-14T16:02:00+00:00,751.97,750.26,2.666602783763621,-4.559890760235889,0.0,-4.559890760235889,trailing_stop,0,2640,trend_path|rb=False|bps=0.0|frac=True
2026-07-14,2026-07-14T17:00:00+00:00,2026-07-14T19:55:00+00:00,751.97,752.1,2.6605388573300717,0.34587005145289723,0.0,0.34587005145289723,end_of_day,0,10500,trend_path|rb=False|bps=0.0|frac=True
2026-07-14,2026-07-14T19:59:00+00:00,2026-07-14T19:59:00+00:00,751.97,751.87,2.6609988092582775,-0.26609988092588827,0.0,-0.26609988092588827,end_of_day,0,0,trend_path|rb=False|bps=0.0|frac=True
2026-07-15,2026-07-15T16:03:00+00:00,2026-07-15T17:30:00+00:00,751.97,752.97,2.6606449389164744,2.6606449389164744,0.0,2.6606449389164744,target,0,5220,trend_path|rb=False|bps=0.0|frac=True
2026-07-16,2026-07-16T13:35:00+00:00,2026-07-16T14:05:00+00:00,751.97,752.97,2.6641831717434705,2.6641831717434705,0.0,2.6641831717434705,target,0,1800,trend_path|rb=False|bps=0.0|frac=True
2026-07-16,2026-07-16T16:13:00+00:00,2026-07-16T18:40:00+00:00,751.97,750.33,2.667726109855022,-4.3750708201621995,0.0,-4.3750708201621995,trailing_stop,0,8820,trend_path|rb=False|bps=0.0|frac=True
2026-07-13,2026-07-13T13:51:00+00:00,2026-07-13T13:55:00+00:00,751.97,752.97,2.0,2.0,0.0,2.0,target,0,240,trend_path|rb=False|bps=0.0|frac=False
2026-07-13,2026-07-13T14:16:00+00:00,2026-07-13T14:26:00+00:00,751.97,752.97,2.0,2.0,0.0,2.0,target,0,600,trend_path|rb=False|bps=0.0|frac=False
2026-07-13,2026-07-13T14:37:00+00:00,2026-07-13T15:00:00+00:00,751.97,752.97,2.0,2.0,0.0,2.0,target,0,1380,trend_path|rb=False|bps=0.0|frac=False
2026-07-13,2026-07-13T15:13:00+00:00,2026-07-13T16:29:00+00:00,751.97,749.93,2.0,-4.080000000000155,0.0,-4.080000000000155,trailing_stop,0,4560,trend_path|rb=False|bps=0.0|frac=False
2026-07-14,2026-07-14T14:35:00+00:00,2026-07-14T15:04:00+00:00,751.97,752.97,2.0,2.0,0.0,2.0,target,0,1740,trend_path|rb=False|bps=0.0|frac=False
2026-07-14,2026-07-14T15:18:00+00:00,2026-07-14T16:02:00+00:00,751.97,750.26,2.0,-3.4200000000000728,0.0,-3.4200000000000728,trailing_stop,0,2640,trend_path|rb=False|bps=0.0|frac=False
2026-07-14,2026-07-14T17:00:00+00:00,2026-07-14T19:55:00+00:00,751.97,752.1,2.0,0.2599999999999909,0.0,0.2599999999999909,end_of_day,0,10500,trend_path|rb=False|bps=0.0|frac=False
2026-07-14,2026-07-14T19:59:00+00:00,2026-07-14T19:59:00+00:00,751.97,751.87,2.0,-0.20000000000004547,0.0,-0.20000000000004547,end_of_day,0,0,trend_path|rb=False|bps=0.0|frac=False
2026-07-15,2026-07-15T16:03:00+00:00,2026-07-15T17:30:00+00:00,751.97,752.97,2.0,2.0,0.0,2.0,target,0,5220,trend_path|rb=False|bps=0.0|frac=False
2026-07-16,2026-07-16T13:35:00+00:00,2026-07-16T14:05:00+00:00,751.97,752.97,2.0,2.0,0.0,2.0,target,0,1800,trend_path|rb=False|bps=0.0|frac=False
2026-07-16,2026-07-16T16:13:00+00:00,2026-07-16T18:40:00+00:00,751.97,750.33,2.0,-3.2799999999999727,0.0,-3.2799999999999727,trailing_stop,0,8820,trend_path|rb=False|bps=0.0|frac=False
2026-07-13,2026-07-13T13:51:00+00:00,2026-07-13T13:55:00+00:00,751.97,752.97,2.6596805723632593,2.6596805723632593,0.40026596805723635,2.259414604306023,target,0,240,trend_path|rb=False|bps=1.0|frac=True
2026-07-13,2026-07-13T14:16:00+00:00,2026-07-13T14:26:00+00:00,751.97,752.97,2.6626852329272523,2.6626852329272523,0.4007181514441539,2.2619670814830983,target,0,600,trend_path|rb=False|bps=1.0|frac=True
2026-07-13,2026-07-13T14:37:00+00:00,2026-07-13T15:00:00+00:00,751.97,752.97,2.6656932878782253,2.6656932878782253,0.4011708456659457,2.2645224422122796,target,0,1380,trend_path|rb=False|bps=1.0|frac=True
2026-07-13,2026-07-13T15:13:00+00:00,2026-07-13T16:29:00+00:00,751.97,749.93,2.6687047410508415,-5.444157671743923,0.40081276505842595,-5.844970436802349,trailing_stop,0,4560,trend_path|rb=False|bps=1.0|frac=True
2026-07-14,2026-07-14T14:35:00+00:00,2026-07-14T15:04:00+00:00,751.97,752.97,2.6609318638924413,2.6609318638924413,0.40045427992462906,2.260477583967812,target,0,1740,trend_path|rb=False|bps=1.0|frac=True
2026-07-14,2026-07-14T15:18:00+00:00,2026-07-14T16:02:00+00:00,751.97,750.26,2.663937938049612,-4.555333874064933,0.4001847488676269,-4.95551862293256,trailing_stop,0,2640,trend_path|rb=False|bps=1.0|frac=True
2026-07-14,2026-07-14T17:00:00+00:00,2026-07-14T19:55:00+00:00,751.97,752.1,2.657347889745913,0.34545522566695663,0.3996837240530136,-0.05422849838605698,end_of_day,0,10500,trend_path|rb=False|bps=1.0|frac=True
2026-07-14,2026-07-14T19:59:00+00:00,2026-07-14T19:59:00+00:00,751.97,751.87,2.6572757745041002,-0.26572757745047043,0.3996117600730247,-0.6653393375234951,end_of_day,0,0,trend_path|rb=False|bps=1.0|frac=True
2026-07-15,2026-07-15T16:03:00+00:00,2026-07-15T17:30:00+00:00,751.97,752.97,2.65639097944908,2.65639097944908,0.39977090406120985,2.25662007538787,target,0,5220,trend_path|rb=False|bps=1.0|frac=True
2026-07-16,2026-07-16T13:35:00+00:00,2026-07-16T14:05:00+00:00,751.97,752.97,2.6593919237359374,2.6593919237359374,0.4002225281707162,2.259169395565221,target,0,1800,trend_path|rb=False|bps=1.0|frac=True
2026-07-16,2026-07-16T16:13:00+00:00,2026-07-16T18:40:00+00:00,751.97,750.33,2.6623962582114684,-4.366329863466772,0.399971789871109,-4.766301653337881,trailing_stop,0,8820,trend_path|rb=False|bps=1.0|frac=True
2026-07-13,2026-07-13T13:51:00+00:00,2026-07-13T13:55:00+00:00,751.97,752.97,2.0,2.0,0.30098800000000003,1.699012,target,0,240,trend_path|rb=False|bps=1.0|frac=False
2026-07-13,2026-07-13T14:16:00+00:00,2026-07-13T14:26:00+00:00,751.97,752.97,2.0,2.0,0.30098800000000003,1.699012,target,0,600,trend_path|rb=False|bps=1.0|frac=False
2026-07-13,2026-07-13T14:37:00+00:00,2026-07-13T15:00:00+00:00,751.97,752.97,2.0,2.0,0.30098800000000003,1.699012,target,0,1380,trend_path|rb=False|bps=1.0|frac=False
2026-07-13,2026-07-13T15:13:00+00:00,2026-07-13T16:29:00+00:00,751.97,749.93,2.0,-4.080000000000155,0.30038000000000004,-4.380380000000154,trailing_stop,0,4560,trend_path|rb=False|bps=1.0|frac=False
2026-07-14,2026-07-14T14:35:00+00:00,2026-07-14T15:04:00+00:00,751.97,752.97,2.0,2.0,0.30098800000000003,1.699012,target,0,1740,trend_path|rb=False|bps=1.0|frac=False
2026-07-14,2026-07-14T15:18:00+00:00,2026-07-14T16:02:00+00:00,751.97,750.26,2.0,-3.4200000000000728,0.300446,-3.7204460000000728,trailing_stop,0,2640,trend_path|rb=False|bps=1.0|frac=False
2026-07-14,2026-07-14T17:00:00+00:00,2026-07-14T19:55:00+00:00,751.97,752.1,2.0,0.2599999999999909,0.300814,-0.04081400000000912,end_of_day,0,10500,trend_path|rb=False|bps=1.0|frac=False
2026-07-14,2026-07-14T19:59:00+00:00,2026-07-14T19:59:00+00:00,751.97,751.87,2.0,-0.20000000000004547,0.30076800000000004,-0.5007680000000455,end_of_day,0,0,trend_path|rb=False|bps=1.0|frac=False
2026-07-15,2026-07-15T16:03:00+00:00,2026-07-15T17:30:00+00:00,751.97,752.97,2.0,2.0,0.30098800000000003,1.699012,target,0,5220,trend_path|rb=False|bps=1.0|frac=False
2026-07-16,2026-07-16T13:35:00+00:00,2026-07-16T14:05:00+00:00,751.97,752.97,2.0,2.0,0.30098800000000003,1.699012,target,0,1800,trend_path|rb=False|bps=1.0|frac=False
2026-07-16,2026-07-16T16:13:00+00:00,2026-07-16T18:40:00+00:00,751.97,750.33,2.0,-3.2799999999999727,0.30046000000000006,-3.580459999999973,trailing_stop,0,8820,trend_path|rb=False|bps=1.0|frac=False
2026-07-13,2026-07-13T13:51:00+00:00,2026-07-13T13:55:00+00:00,751.97,752.97,2.6596805723632593,2.6596805723632593,0.8005319361144727,1.8591486362487866,target,0,240,trend_path|rb=False|bps=2.0|frac=True
2026-07-13,2026-07-13T14:16:00+00:00,2026-07-13T14:26:00+00:00,751.97,752.97,2.6621529431177424,2.6621529431177424,0.8012760900431231,1.8608768530746194,target,0,600,trend_path|rb=False|bps=2.0|frac=True
2026-07-13,2026-07-13T14:37:00+00:00,2026-07-13T15:00:00+00:00,751.97,752.97,2.6646276121245838,2.6646276121245838,0.8020209357181542,1.8626066764064295,target,0,1380,trend_path|rb=False|bps=2.0|frac=True
2026-07-13,2026-07-13T15:13:00+00:00,2026-07-13T16:29:00+00:00,751.97,749.93,2.66710458152018,-5.440893346301373,0.8011448741970317,-6.242038220498405,trailing_stop,0,4560,trend_path|rb=False|bps=2.0|frac=True
2026-07-14,2026-07-14T14:35:00+00:00,2026-07-14T15:04:00+00:00,751.97,752.97,2.6588036676266755,2.6588036676266755,0.8002679983116179,1.8585356693150576,target,0,1740,trend_path|rb=False|bps=2.0|frac=True
2026-07-14,2026-07-14T15:18:00+00:00,2026-07-14T16:02:00+00:00,751.97,750.26,2.6612752232330363,-4.550780631728589,0.7995694957194729,-5.350350127448062,trailing_stop,0,2640,trend_path|rb=False|bps=2.0|frac=True
2026-07-14,2026-07-14T17:00:00+00:00,2026-07-14T19:55:00+00:00,751.97,752.1,2.6541601120883787,0.3450408145714772,0.7984085199577536,-0.45336770538627646,end_of_day,0,10500,trend_path|rb=False|bps=2.0|frac=True
2026-07-14,2026-07-14T19:59:00+00:00,2026-07-14T19:59:00+00:00,751.97,751.87,2.6535572054493026,-0.26535572054499057,0.798105093568576,-1.0634608141135664,end_of_day,0,0,trend_path|rb=False|bps=2.0|frac=True
2026-07-15,2026-07-15T16:03:00+00:00,2026-07-15T17:30:00+00:00,751.97,752.97,2.652142972415919,2.652142972415919,0.7982632089815226,1.8538797634343962,target,0,5220,trend_path|rb=False|bps=2.0|frac=True
2026-07-16,2026-07-16T13:35:00+00:00,2026-07-16T14:05:00+00:00,751.97,752.97,2.6546083364110706,2.6546083364110706,0.7990052539596953,1.8556030824513754,target,0,1800,trend_path|rb=False|bps=2.0|frac=True
2026-07-16,2026-07-16T16:13:00+00:00,2026-07-16T18:40:00+00:00,751.97,750.33,2.6570759921452773,-4.357604627118219,0.7983450525999701,-5.155949679718189,trailing_stop,0,8820,trend_path|rb=False|bps=2.0|frac=True
2026-07-13,2026-07-13T13:51:00+00:00,2026-07-13T13:55:00+00:00,751.97,752.97,2.0,2.0,0.6019760000000001,1.398024,target,0,240,trend_path|rb=False|bps=2.0|frac=False
2026-07-13,2026-07-13T14:16:00+00:00,2026-07-13T14:26:00+00:00,751.97,752.97,2.0,2.0,0.6019760000000001,1.398024,target,0,600,trend_path|rb=False|bps=2.0|frac=False
2026-07-13,2026-07-13T14:37:00+00:00,2026-07-13T15:00:00+00:00,751.97,752.97,2.0,2.0,0.6019760000000001,1.398024,target,0,1380,trend_path|rb=False|bps=2.0|frac=False
2026-07-13,2026-07-13T15:13:00+00:00,2026-07-13T16:29:00+00:00,751.97,749.93,2.0,-4.080000000000155,0.6007600000000001,-4.680760000000155,trailing_stop,0,4560,trend_path|rb=False|bps=2.0|frac=False
2026-07-14,2026-07-14T14:35:00+00:00,2026-07-14T15:04:00+00:00,751.97,752.97,2.0,2.0,0.6019760000000001,1.398024,target,0,1740,trend_path|rb=False|bps=2.0|frac=False
2026-07-14,2026-07-14T15:18:00+00:00,2026-07-14T16:02:00+00:00,751.97,750.26,2.0,-3.4200000000000728,0.600892,-4.020892000000073,trailing_stop,0,2640,trend_path|rb=False|bps=2.0|frac=False
2026-07-14,2026-07-14T17:00:00+00:00,2026-07-14T19:55:00+00:00,751.97,752.1,2.0,0.2599999999999909,0.601628,-0.34162800000000915,end_of_day,0,10500,trend_path|rb=False|bps=2.0|frac=False
2026-07-14,2026-07-14T19:59:00+00:00,2026-07-14T19:59:00+00:00,751.97,751.87,2.0,-0.20000000000004547,0.6015360000000001,-0.8015360000000455,end_of_day,0,0,trend_path|rb=False|bps=2.0|frac=False
2026-07-15,2026-07-15T16:03:00+00:00,2026-07-15T17:30:00+00:00,751.97,752.97,2.0,2.0,0.6019760000000001,1.398024,target,0,5220,trend_path|rb=False|bps=2.0|frac=False
2026-07-16,2026-07-16T13:35:00+00:00,2026-07-16T14:05:00+00:00,751.97,752.97,2.0,2.0,0.6019760000000001,1.398024,target,0,1800,trend_path|rb=False|bps=2.0|frac=False
2026-07-16,2026-07-16T16:13:00+00:00,2026-07-16T18:40:00+00:00,751.97,750.33,2.0,-3.2799999999999727,0.6009200000000001,-3.880919999999973,trailing_stop,0,8820,trend_path|rb=False|bps=2.0|frac=False
2026-07-13,2026-07-13T13:51:00+00:00,2026-07-13T13:55:00+00:00,751.97,752.97,2.6596805723632593,2.6596805723632593,2.0013298402861817,0.6583507320770776,target,0,240,trend_path|rb=False|bps=5.0|frac=True
2026-07-13,2026-07-13T14:16:00+00:00,2026-07-13T14:26:00+00:00,751.97,752.97,2.660556073689212,2.660556073689212,2.0019886287689217,0.6585674449202905,target,0,600,trend_path|rb=False|bps=5.0|frac=True
2026-07-13,2026-07-13T14:37:00+00:00,2026-07-13T15:00:00+00:00,751.97,752.97,2.6614318632086347,2.6614318632086347,2.0026476341086012,0.6587842291000334,target,0,1380,trend_path|rb=False|bps=5.0|frac=True
2026-07-13,2026-07-13T15:13:00+00:00,2026-07-13T16:29:00+00:00,751.97,749.93,2.6623079410163935,-5.431108199673648,1.9992601483062609,-7.430368347979909,trailing_stop,0,4560,trend_path|rb=False|bps=5.0|frac=True
2026-07-14,2026-07-14T14:35:00+00:00,2026-07-14T15:04:00+00:00,751.97,752.97,2.6524267378460804,2.6524267378460804,1.99587154742704,0.6565551904190403,target,0,1740,trend_path|rb=False|bps=5.0|frac=True
2026-07-14,2026-07-14T15:18:00+00:00,2026-07-14T16:02:00+00:00,751.97,750.26,2.6532998513884016,-4.537142745874263,1.9929333178755995,-6.5300760637498625,trailing_stop,0,2640,trend_path|rb=False|bps=5.0|frac=True
2026-07-14,2026-07-14T17:00:00+00:00,2026-07-14T19:55:00+00:00,751.97,752.1,2.6446158931669967,0.34380006611169756,1.9888437132178427,-1.6450436471061451,end_of_day,0,10500,trend_path|rb=False|bps=5.0|frac=True
2026-07-14,2026-07-14T19:59:00+00:00,2026-07-14T19:59:00+00:00,751.97,751.87,2.6424282478525476,-0.26424282478531486,1.9868946481252878,-2.2511374729106026,end_of_day,0,0,trend_path|rb=False|bps=5.0|frac=True
2026-07-15,2026-07-15T16:03:00+00:00,2026-07-15T17:30:00+00:00,751.97,752.97,2.639434594551338,2.639434594551338,1.9860953493620455,0.6533392451892925,target,0,5220,trend_path|rb=False|bps=5.0|frac=True
2026-07-16,2026-07-16T13:35:00+00:00,2026-07-16T14:05:00+00:00,751.97,752.97,2.640303431400134,2.640303431400134,1.986749123025659,0.653554308374475,target,0,1800,trend_path|rb=False|bps=5.0|frac=True
2026-07-16,2026-07-16T16:13:00+00:00,2026-07-16T18:40:00+00:00,751.97,750.33,2.641172554248618,-4.331522988967698,1.9839167641238498,-6.315439753091548,trailing_stop,0,8820,trend_path|rb=False|bps=5.0|frac=True
2026-07-13,2026-07-13T13:51:00+00:00,2026-07-13T13:55:00+00:00,751.97,752.97,2.0,2.0,1.5049400000000002,0.49505999999999983,target,0,240,trend_path|rb=False|bps=5.0|frac=False
2026-07-13,2026-07-13T14:16:00+00:00,2026-07-13T14:26:00+00:00,751.97,752.97,2.0,2.0,1.5049400000000002,0.49505999999999983,target,0,600,trend_path|rb=False|bps=5.0|frac=False
2026-07-13,2026-07-13T14:37:00+00:00,2026-07-13T15:00:00+00:00,751.97,752.97,2.0,2.0,1.5049400000000002,0.49505999999999983,target,0,1380,trend_path|rb=False|bps=5.0|frac=False
2026-07-13,2026-07-13T15:13:00+00:00,2026-07-13T16:29:00+00:00,751.97,749.93,2.0,-4.080000000000155,1.5019,-5.581900000000155,trailing_stop,0,4560,trend_path|rb=False|bps=5.0|frac=False
2026-07-14,2026-07-14T14:35:00+00:00,2026-07-14T15:04:00+00:00,751.97,752.97,2.0,2.0,1.5049400000000002,0.49505999999999983,target,0,1740,trend_path|rb=False|bps=5.0|frac=False
2026-07-14,2026-07-14T15:18:00+00:00,2026-07-14T16:02:00+00:00,751.97,750.26,2.0,-3.4200000000000728,1.50223,-4.922230000000073,trailing_stop,0,2640,trend_path|rb=False|bps=5.0|frac=False
2026-07-14,2026-07-14T17:00:00+00:00,2026-07-14T19:55:00+00:00,751.97,752.1,2.0,0.2599999999999909,1.50407,-1.2440700000000091,end_of_day,0,10500,trend_path|rb=False|bps=5.0|frac=False
2026-07-14,2026-07-14T19:59:00+00:00,2026-07-14T19:59:00+00:00,751.97,751.87,2.0,-0.20000000000004547,1.50384,-1.7038400000000455,end_of_day,0,0,trend_path|rb=False|bps=5.0|frac=False
2026-07-15,2026-07-15T16:03:00+00:00,2026-07-15T17:30:00+00:00,751.97,752.97,2.0,2.0,1.5049400000000002,0.49505999999999983,target,0,5220,trend_path|rb=False|bps=5.0|frac=False
2026-07-16,2026-07-16T13:35:00+00:00,2026-07-16T14:05:00+00:00,751.97,752.97,2.0,2.0,1.5049400000000002,0.49505999999999983,target,0,1800,trend_path|rb=False|bps=5.0|frac=False
2026-07-16,2026-07-16T16:13:00+00:00,2026-07-16T18:40:00+00:00,751.97,750.33,2.0,-3.2799999999999727,1.5023000000000002,-4.782299999999973,trailing_stop,0,8820,trend_path|rb=False|bps=5.0|frac=False
2026-07-13,2026-07-13T13:51:00+00:00,2026-07-13T13:55:00+00:00,751.97,752.97,2.6596805723632593,2.6596805723632593,4.002659680572363,-1.342979108209104,target,0,240,trend_path|rb=False|bps=10.0|frac=True
2026-07-13,2026-07-13T14:16:00+00:00,2026-07-13T14:26:00+00:00,751.97,752.97,2.657894624641662,2.657894624641662,3.999971936408223,-1.3420773117665608,target,0,600,trend_path|rb=False|bps=10.0|frac=True
2026-07-13,2026-07-13T14:37:00+00:00,2026-07-13T15:00:00+00:00,751.97,752.97,2.6561098761653046,2.6561098761653046,3.997285997036214,-1.3411761208709092,target,0,1380,trend_path|rb=False|bps=10.0|frac=True
2026-07-13,2026-07-13T15:13:00+00:00,2026-07-13T16:29:00+00:00,751.97,749.93,2.654326326128906,-5.414825705303173,3.9865327092130034,-9.401358414516176,trailing_stop,0,4560,trend_path|rb=False|bps=10.0|frac=True
2026-07-14,2026-07-14T14:35:00+00:00,2026-07-14T15:04:00+00:00,751.97,752.97,2.6418240209644495,2.6418240209644495,3.9757866421102386,-1.3339626211457891,target,0,1740,trend_path|rb=False|bps=10.0|frac=True
2026-07-14,2026-07-14T15:18:00+00:00,2026-07-14T16:02:00+00:00,751.97,750.26,2.6400500637305897,-4.514485608979404,3.9659624072380035,-8.480448016217409,trailing_stop,0,2640,trend_path|rb=False|bps=10.0|frac=True
2026-07-14,2026-07-14T17:00:00+00:00,2026-07-14T19:55:00+00:00,751.97,752.1,2.6287724223137543,0.3417404149007761,3.9538577372294488,-3.6121173223286727,end_of_day,0,10500,trend_path|rb=False|bps=10.0|frac=True
2026-07-14,2026-07-14T19:59:00+00:00,2026-07-14T19:59:00+00:00,751.97,751.87,2.6239688831801073,-0.2623968883180704,3.9460293652815728,-4.208426253599643,end_of_day,0,0,trend_path|rb=False|bps=10.0|frac=True
2026-07-15,2026-07-15T16:03:00+00:00,2026-07-15T17:30:00+00:00,751.97,752.97,2.618372348406646,2.618372348406646,3.940493282011098,-1.322120933604452,target,0,5220,trend_path|rb=False|bps=10.0|frac=True
2026-07-16,2026-07-16T13:35:00+00:00,2026-07-16T14:05:00+00:00,751.97,752.97,2.616614138725935,2.616614138725935,3.937847281934209,-1.321233143208274,target,0,1800,trend_path|rb=False|bps=10.0|frac=True
2026-07-16,2026-07-16T16:13:00+00:00,2026-07-16T18:40:00+00:00,751.97,750.33,2.614857109664658,-4.288365659850004,3.9282998358492165,-8.216665495699221,trailing_stop,0,8820,trend_path|rb=False|bps=10.0|frac=True
2026-07-13,2026-07-13T13:51:00+00:00,2026-07-13T13:55:00+00:00,751.97,752.97,2.0,2.0,3.0098800000000003,-1.0098800000000003,target,0,240,trend_path|rb=False|bps=10.0|frac=False
2026-07-13,2026-07-13T14:16:00+00:00,2026-07-13T14:26:00+00:00,751.97,752.97,2.0,2.0,3.0098800000000003,-1.0098800000000003,target,0,600,trend_path|rb=False|bps=10.0|frac=False
2026-07-13,2026-07-13T14:37:00+00:00,2026-07-13T15:00:00+00:00,751.97,752.97,2.0,2.0,3.0098800000000003,-1.0098800000000003,target,0,1380,trend_path|rb=False|bps=10.0|frac=False
2026-07-13,2026-07-13T15:13:00+00:00,2026-07-13T16:29:00+00:00,751.97,749.93,2.0,-4.080000000000155,3.0038,-7.083800000000155,trailing_stop,0,4560,trend_path|rb=False|bps=10.0|frac=False
2026-07-14,2026-07-14T14:35:00+00:00,2026-07-14T15:04:00+00:00,751.97,752.97,2.0,2.0,3.0098800000000003,-1.0098800000000003,target,0,1740,trend_path|rb=False|bps=10.0|frac=False
2026-07-14,2026-07-14T15:18:00+00:00,2026-07-14T16:02:00+00:00,751.97,750.26,2.0,-3.4200000000000728,3.00446,-6.424460000000073,trailing_stop,0,2640,trend_path|rb=False|bps=10.0|frac=False
2026-07-14,2026-07-14T17:00:00+00:00,2026-07-14T19:55:00+00:00,751.97,752.1,2.0,0.2599999999999909,3.00814,-2.748140000000009,end_of_day,0,10500,trend_path|rb=False|bps=10.0|frac=False
2026-07-14,2026-07-14T19:59:00+00:00,2026-07-14T19:59:00+00:00,751.97,751.87,2.0,-0.20000000000004547,3.00768,-3.2076800000000456,end_of_day,0,0,trend_path|rb=False|bps=10.0|frac=False
2026-07-15,2026-07-15T16:03:00+00:00,2026-07-15T17:30:00+00:00,751.97,752.97,2.0,2.0,3.0098800000000003,-1.0098800000000003,target,0,5220,trend_path|rb=False|bps=10.0|frac=False
2026-07-16,2026-07-16T13:35:00+00:00,2026-07-16T14:05:00+00:00,751.97,752.97,2.0,2.0,3.0098800000000003,-1.0098800000000003,target,0,1800,trend_path|rb=False|bps=10.0|frac=False
2026-07-16,2026-07-16T16:13:00+00:00,2026-07-16T18:40:00+00:00,751.97,750.33,2.0,-3.2799999999999727,3.0046000000000004,-6.284599999999973,trailing_stop,0,8820,trend_path|rb=False|bps=10.0|frac=False
2026-07-13,2026-07-13T13:40:00+00:00,2026-07-13T14:00:00+00:00,752.77,753.77,2.6568540191559173,2.6568540191559173,0.0,2.6568540191559173,target,1,1200,reverse_path|rb=True|bps=0.0|frac=True
2026-07-13,2026-07-13T14:02:00+00:00,2026-07-13T14:16:00+00:00,752.77,750.84,2.6603834557954698,-5.134540069685124,0.0,-5.134540069685124,trailing_stop,1,840,reverse_path|rb=True|bps=0.0|frac=True
2026-07-13,2026-07-13T14:16:00+00:00,2026-07-13T16:23:00+00:00,752.77,750.66,2.65356259408514,-5.599017073519682,0.0,-5.599017073519682,trailing_stop,1,7620,reverse_path|rb=True|bps=0.0|frac=True
2026-07-13,2026-07-13T16:26:00+00:00,2026-07-13T19:38:00+00:00,750.25,748.03,2.655012724926293,-5.894128249336442,0.0,-5.894128249336442,trailing_stop,2,11520,reverse_path|rb=True|bps=0.0|frac=True
2026-07-14,2026-07-14T13:42:00+00:00,2026-07-14T13:45:00+00:00,750.68,751.68,2.6456401777410012,2.6456401777410012,0.0,2.6456401777410012,target,6,180,reverse_path|rb=True|bps=0.0|frac=True
2026-07-14,2026-07-14T13:47:00+00:00,2026-07-14T14:16:00+00:00,750.68,748.97,2.649164502590126,-4.5300712994289105,0.0,-4.5300712994289105,trailing_stop,6,1740,reverse_path|rb=True|bps=0.0|frac=True
2026-07-14,2026-07-14T14:46:00+00:00,2026-07-14T14:58:00+00:00,750.94,751.94,2.6422147408646848,2.6422147408646848,0.0,2.6422147408646848,target,10,720,reverse_path|rb=True|bps=0.0|frac=True
2026-07-14,2026-07-14T15:18:00+00:00,2026-07-14T16:02:00+00:00,752.01,750.26,2.641968793295024,-4.623445388266292,0.0,-4.623445388266292,trailing_stop,11,2640,reverse_path|rb=True|bps=0.0|frac=True
2026-07-14,2026-07-14T16:46:00+00:00,2026-07-14T17:09:00+00:00,751.18,752.18,2.6387330691146262,2.6387330691146262,0.0,2.6387330691146262,target,14,1380,reverse_path|rb=True|bps=0.0|frac=True
2026-07-14,2026-07-14T17:35:00+00:00,2026-07-14T19:55:00+00:00,751.99,752.1,2.6393997791548283,0.2903339757070671,0.0,0.2903339757070671,end_of_day,15,8400,reverse_path|rb=True|bps=0.0|frac=True
2026-07-14,2026-07-14T19:59:00+00:00,2026-07-14T19:59:00+00:00,751.99,751.87,2.6397858667034755,-0.3167743040044291,0.0,-0.3167743040044291,end_of_day,15,0,reverse_path|rb=True|bps=0.0|frac=True
2026-07-15,2026-07-15T13:38:00+00:00,2026-07-15T14:19:00+00:00,754.53,755.53,2.630479635797572,2.630479635797572,0.0,2.630479635797572,target,16,2460,reverse_path|rb=True|bps=0.0|frac=True
2026-07-15,2026-07-15T14:23:00+00:00,2026-07-15T15:17:00+00:00,754.53,752.23,2.6339658850332524,-6.058121535576361,0.0,-6.058121535576361,trailing_stop,16,3240,reverse_path|rb=True|bps=0.0|frac=True
2026-07-15,2026-07-15T15:22:00+00:00,2026-07-15T15:33:00+00:00,752.77,753.77,2.6320764080643,2.6320764080643,0.0,2.6320764080643,target,17,660,reverse_path|rb=True|bps=0.0|frac=True
2026-07-15,2026-07-15T15:50:00+00:00,2026-07-15T17:46:00+00:00,752.77,753.77,2.6355729294560457,2.6355729294560457,0.0,2.6355729294560457,target,17,6960,reverse_path|rb=True|bps=0.0|frac=True
2026-07-15,2026-07-15T18:44:00+00:00,2026-07-15T19:55:00+00:00,754.15,754.45,2.6342449208195764,0.7902734762460526,0.0,0.7902734762460526,end_of_day,19,4260,reverse_path|rb=True|bps=0.0|frac=True
2026-07-16,2026-07-16T13:34:00+00:00,2026-07-16T14:08:00+00:00,752.17,753.17,2.642229922108472,2.642229922108472,0.0,2.642229922108472,target,20,2040,reverse_path|rb=True|bps=0.0|frac=True
2026-07-16,2026-07-16T14:39:00+00:00,2026-07-16T16:15:00+00:00,753.84,751.93,2.639881553691019,-5.042173767550063,0.0,-5.042173767550063,trailing_stop,22,5760,reverse_path|rb=True|bps=0.0|frac=True
2026-07-16,2026-07-16T16:20:00+00:00,2026-07-16T16:55:00+00:00,751.85,752.85,2.640162448183664,2.640162448183664,0.0,2.640162448183664,target,23,2100,reverse_path|rb=True|bps=0.0|frac=True
2026-07-16,2026-07-16T17:00:00+00:00,2026-07-16T18:40:00+00:00,752.37,750.27,2.6418468295055244,-5.5478783419616615,0.0,-5.5478783419616615,trailing_stop,24,6000,reverse_path|rb=True|bps=0.0|frac=True
2026-07-16,2026-07-16T19:07:00+00:00,2026-07-16T19:55:00+00:00,750.02,750.41,2.642727421632903,1.0306636944367962,0.0,1.0306636944367962,end_of_day,25,2880,reverse_path|rb=True|bps=0.0|frac=True
2026-07-17,2026-07-17T13:35:00+00:00,2026-07-17T13:40:00+00:00,740.83,741.83,2.6769016973766537,2.6769016973766537,0.0,2.6769016973766537,target,26,300,reverse_path|rb=True|bps=0.0|frac=True
2026-07-17,2026-07-17T14:20:00+00:00,2026-07-17T15:00:00+00:00,746.37,744.59,2.6606187094402554,-4.735901302803582,0.0,-4.735901302803582,trailing_stop,33,2400,reverse_path|rb=True|bps=0.0|frac=True
2026-07-17,2026-07-17T15:11:00+00:00,2026-07-17T15:29:00+00:00,744.38,745.38,2.6613693071577953,2.6613693071577953,0.0,2.6613693071577953,target,35,1080,reverse_path|rb=True|bps=0.0|frac=True
2026-07-17,2026-07-17T15:32:00+00:00,2026-07-17T15:54:00+00:00,744.94,745.94,2.662941249186884,2.662941249186884,0.0,2.662941249186884,target,36,1320,reverse_path|rb=True|bps=0.0|frac=True
2026-07-17,2026-07-17T16:01:00+00:00,2026-07-17T16:01:00+00:00,745.99,746.99,2.6627627654773716,2.6627627654773716,0.0,2.6627627654773716,target,37,0,reverse_path|rb=True|bps=0.0|frac=True
2026-07-17,2026-07-17T16:01:00+00:00,2026-07-17T16:48:00+00:00,745.99,746.99,2.666332200410115,2.666332200410115,0.0,2.666332200410115,target,37,2820,reverse_path|rb=True|bps=0.0|frac=True
2026-07-17,2026-07-17T17:20:00+00:00,2026-07-17T17:28:00+00:00,745.99,746.99,2.6699064201723237,2.6699064201723237,0.0,2.6699064201723237,target,37,480,reverse_path|rb=True|bps=0.0|frac=True
2026-07-17,2026-07-17T17:36:00+00:00,2026-07-17T18:15:00+00:00,745.99,743.65,2.6734854311780643,-6.255955908956755,0.0,-6.255955908956755,trailing_stop,37,2340,reverse_path|rb=True|bps=0.0|frac=True
2026-07-17,2026-07-17T18:43:00+00:00,2026-07-17T18:49:00+00:00,743.23,744.23,2.674996220410327,2.674996220410327,0.0,2.674996220410327,target,38,360,reverse_path|rb=True|bps=0.0|frac=True
2026-07-17,2026-07-17T19:03:00+00:00,2026-07-17T19:55:00+00:00,743.75,744.03,2.6767226045256844,0.7494823292671187,0.0,0.7494823292671187,end_of_day,39,3120,reverse_path|rb=True|bps=0.0|frac=True
2026-07-17,2026-07-17T19:59:00+00:00,2026-07-17T19:59:00+00:00,743.75,743.16,2.6777303118591527,-1.5798608839969852,0.0,-1.5798608839969852,end_of_day,39,0,reverse_path|rb=True|bps=0.0|frac=True
2026-07-13,2026-07-13T13:40:00+00:00,2026-07-13T14:00:00+00:00,752.77,753.77,2.0,2.0,0.0,2.0,target,1,1200,reverse_path|rb=True|bps=0.0|frac=False
2026-07-13,2026-07-13T14:02:00+00:00,2026-07-13T14:16:00+00:00,752.77,750.84,2.0,-3.8599999999999,0.0,-3.8599999999999,trailing_stop,1,840,reverse_path|rb=True|bps=0.0|frac=False
2026-07-13,2026-07-13T14:16:00+00:00,2026-07-13T16:23:00+00:00,752.77,750.66,2.0,-4.220000000000027,0.0,-4.220000000000027,trailing_stop,1,7620,reverse_path|rb=True|bps=0.0|frac=False
2026-07-13,2026-07-13T16:26:00+00:00,2026-07-13T19:38:00+00:00,750.25,748.03,2.0,-4.440000000000055,0.0,-4.440000000000055,trailing_stop,2,11520,reverse_path|rb=True|bps=0.0|frac=False
2026-07-14,2026-07-14T13:42:00+00:00,2026-07-14T13:45:00+00:00,750.68,751.68,2.0,2.0,0.0,2.0,target,6,180,reverse_path|rb=True|bps=0.0|frac=False
2026-07-14,2026-07-14T13:47:00+00:00,2026-07-14T14:16:00+00:00,750.68,748.97,2.0,-3.4199999999998454,0.0,-3.4199999999998454,trailing_stop,6,1740,reverse_path|rb=True|bps=0.0|frac=False
2026-07-14,2026-07-14T14:46:00+00:00,2026-07-14T14:58:00+00:00,750.94,751.94,2.0,2.0,0.0,2.0,target,10,720,reverse_path|rb=True|bps=0.0|frac=False
2026-07-14,2026-07-14T15:18:00+00:00,2026-07-14T16:02:00+00:00,752.01,750.26,2.0,-3.5,0.0,-3.5,trailing_stop,11,2640,reverse_path|rb=True|bps=0.0|frac=False
2026-07-14,2026-07-14T16:46:00+00:00,2026-07-14T17:09:00+00:00,751.18,752.18,2.0,2.0,0.0,2.0,target,14,1380,reverse_path|rb=True|bps=0.0|frac=False
2026-07-14,2026-07-14T17:35:00+00:00,2026-07-14T19:55:00+00:00,751.99,752.1,2.0,0.22000000000002728,0.0,0.22000000000002728,end_of_day,15,8400,reverse_path|rb=True|bps=0.0|frac=False
2026-07-14,2026-07-14T19:59:00+00:00,2026-07-14T19:59:00+00:00,751.99,751.87,2.0,-0.2400000000000091,0.0,-0.2400000000000091,end_of_day,15,0,reverse_path|rb=True|bps=0.0|frac=False
2026-07-15,2026-07-15T13:38:00+00:00,2026-07-15T14:19:00+00:00,754.53,755.53,2.0,2.0,0.0,2.0,target,16,2460,reverse_path|rb=True|bps=0.0|frac=False
2026-07-15,2026-07-15T14:23:00+00:00,2026-07-15T15:17:00+00:00,754.53,752.23,2.0,-4.599999999999909,0.0,-4.599999999999909,trailing_stop,16,3240,reverse_path|rb=True|bps=0.0|frac=False
2026-07-15,2026-07-15T15:22:00+00:00,2026-07-15T15:33:00+00:00,752.77,753.77,2.0,2.0,0.0,2.0,target,17,660,reverse_path|rb=True|bps=0.0|frac=False
2026-07-15,2026-07-15T15:50:00+00:00,2026-07-15T17:46:00+00:00,752.77,753.77,2.0,2.0,0.0,2.0,target,17,6960,reverse_path|rb=True|bps=0.0|frac=False
2026-07-15,2026-07-15T18:44:00+00:00,2026-07-15T19:55:00+00:00,754.15,754.45,2.0,0.6000000000001364,0.0,0.6000000000001364,end_of_day,19,4260,reverse_path|rb=True|bps=0.0|frac=False
2026-07-16,2026-07-16T13:34:00+00:00,2026-07-16T14:08:00+00:00,752.17,753.17,2.0,2.0,0.0,2.0,target,20,2040,reverse_path|rb=True|bps=0.0|frac=False
2026-07-16,2026-07-16T14:39:00+00:00,2026-07-16T16:15:00+00:00,753.84,751.93,2.0,-3.8200000000001637,0.0,-3.8200000000001637,trailing_stop,22,5760,reverse_path|rb=True|bps=0.0|frac=False
2026-07-16,2026-07-16T16:20:00+00:00,2026-07-16T16:55:00+00:00,751.85,752.85,2.0,2.0,0.0,2.0,target,23,2100,reverse_path|rb=True|bps=0.0|frac=False
2026-07-16,2026-07-16T17:00:00+00:00,2026-07-16T18:40:00+00:00,752.37,750.27,2.0,-4.2000000000000455,0.0,-4.2000000000000455,trailing_stop,24,6000,reverse_path|rb=True|bps=0.0|frac=False
2026-07-16,2026-07-16T19:07:00+00:00,2026-07-16T19:55:00+00:00,750.02,750.41,2.0,0.7799999999999727,0.0,0.7799999999999727,end_of_day,25,2880,reverse_path|rb=True|bps=0.0|frac=False
2026-07-17,2026-07-17T13:35:00+00:00,2026-07-17T13:40:00+00:00,740.83,741.83,2.0,2.0,0.0,2.0,target,26,300,reverse_path|rb=True|bps=0.0|frac=False
2026-07-17,2026-07-17T14:20:00+00:00,2026-07-17T15:00:00+00:00,746.37,744.59,2.0,-3.5599999999999454,0.0,-3.5599999999999454,trailing_stop,33,2400,reverse_path|rb=True|bps=0.0|frac=False
2026-07-17,2026-07-17T15:11:00+00:00,2026-07-17T15:29:00+00:00,744.38,745.38,2.0,2.0,0.0,2.0,target,35,1080,reverse_path|rb=True|bps=0.0|frac=False
2026-07-17,2026-07-17T15:32:00+00:00,2026-07-17T15:54:00+00:00,744.94,745.94,2.0,2.0,0.0,2.0,target,36,1320,reverse_path|rb=True|bps=0.0|frac=False
2026-07-17,2026-07-17T16:01:00+00:00,2026-07-17T16:01:00+00:00,745.99,746.99,2.0,2.0,0.0,2.0,target,37,0,reverse_path|rb=True|bps=0.0|frac=False
2026-07-17,2026-07-17T16:01:00+00:00,2026-07-17T16:48:00+00:00,745.99,746.99,2.0,2.0,0.0,2.0,target,37,2820,reverse_path|rb=True|bps=0.0|frac=False
2026-07-17,2026-07-17T17:20:00+00:00,2026-07-17T17:28:00+00:00,745.99,746.99,2.0,2.0,0.0,2.0,target,37,480,reverse_path|rb=True|bps=0.0|frac=False
2026-07-17,2026-07-17T17:36:00+00:00,2026-07-17T18:15:00+00:00,745.99,743.65,2.0,-4.680000000000064,0.0,-4.680000000000064,trailing_stop,37,2340,reverse_path|rb=True|bps=0.0|frac=False
2026-07-17,2026-07-17T18:43:00+00:00,2026-07-17T18:49:00+00:00,743.23,744.23,2.0,2.0,0.0,2.0,target,38,360,reverse_path|rb=True|bps=0.0|frac=False
2026-07-17,2026-07-17T19:03:00+00:00,2026-07-17T19:55:00+00:00,743.75,744.03,2.0,0.5599999999999454,0.0,0.5599999999999454,end_of_day,39,3120,reverse_path|rb=True|bps=0.0|frac=False
2026-07-17,2026-07-17T19:59:00+00:00,2026-07-17T19:59:00+00:00,743.75,743.16,2.0,-1.1800000000000637,0.0,-1.1800000000000637,end_of_day,39,0,reverse_path|rb=True|bps=0.0|frac=False
2026-07-13,2026-07-13T13:40:00+00:00,2026-07-13T14:00:00+00:00,752.77,753.77,2.6568540191559173,2.6568540191559173,0.40026568540191554,2.256588333754002,target,1,1200,reverse_path|rb=True|bps=1.0|frac=True
2026-07-13,2026-07-13T14:02:00+00:00,2026-07-13T14:16:00+00:00,752.77,750.84,2.659851732047975,-5.133513842852459,0.3999379662824656,-5.533451809134924,trailing_stop,1,840,reverse_path|rb=True|bps=1.0|frac=True
2026-07-13,2026-07-13T14:16:00+00:00,2026-07-13T16:23:00+00:00,752.77,750.66,2.652500945208522,-5.596776994390018,0.3987849496054848,-5.995561943995503,trailing_stop,1,7620,reverse_path|rb=True|bps=1.0|frac=True
2026-07-13,2026-07-13T16:26:00+00:00,2026-07-13T19:38:00+00:00,750.25,748.03,2.6534189597875693,-5.890590090728476,0.39755645590705196,-6.288146546635528,trailing_stop,2,11520,reverse_path|rb=True|bps=1.0|frac=True
2026-07-14,2026-07-14T13:42:00+00:00,2026-07-14T13:45:00+00:00,750.68,751.68,2.6435224436963662,2.6435224436963662,0.39715223785116727,2.246370205845199,target,6,180,reverse_path|rb=True|bps=1.0|frac=True
2026-07-14,2026-07-14T13:47:00+00:00,2026-07-14T14:16:00+00:00,750.68,748.97,2.646514890818769,-4.52554046329989,0.3968846056016367,-4.922425068901527,trailing_stop,6,1740,reverse_path|rb=True|bps=1.0|frac=True
2026-07-14,2026-07-14T14:46:00+00:00,2026-07-14T14:58:00+00:00,750.94,751.94,2.6390435629623292,2.6390435629623292,0.3966165789904825,2.2424269839718467,target,10,720,reverse_path|rb=True|bps=1.0|frac=True
2026-07-14,2026-07-14T15:18:00+00:00,2026-07-14T16:02:00+00:00,752.01,750.26,2.6382705019280377,-4.616973378374066,0.39633946269314335,-5.01331284106721,trailing_stop,11,2640,reverse_path|rb=True|bps=1.0|frac=True
2026-07-14,2026-07-14T16:46:00+00:00,2026-07-14T17:09:00+00:00,751.18,752.18,2.6345116847011854,2.6345116847011854,0.3960619486312374,2.238449736069948,target,14,1380,reverse_path|rb=True|bps=1.0|frac=True
2026-07-14,2026-07-14T17:35:00+00:00,2026-07-14T19:55:00+00:00,751.99,752.1,2.6346506430270433,0.2898115707330107,0.3962751685670546,-0.10646359783404385,end_of_day,15,8400,reverse_path|rb=True|bps=1.0|frac=True
2026-07-14,2026-07-14T19:59:00+00:00,2026-07-14T19:59:00+00:00,751.99,751.87,2.6345090672110962,-0.3161410880653435,0.39619328058160797,-0.7123343686469514,end_of_day,15,0,reverse_path|rb=True|bps=1.0|frac=True
2026-07-15,2026-07-15T13:38:00+00:00,2026-07-15T14:19:00+00:00,754.53,755.53,2.6246963528069465,2.6246963528069465,0.3963448974519657,2.228351455354981,target,16,2460,reverse_path|rb=True|bps=1.0|frac=True
2026-07-15,2026-07-15T14:23:00+00:00,2026-07-15T15:17:00+00:00,754.53,752.23,2.627649650164712,-6.043594195378718,0.3959237386882182,-6.439517934066936,trailing_stop,16,3240,reverse_path|rb=True|bps=1.0|frac=True
2026-07-15,2026-07-15T15:22:00+00:00,2026-07-15T15:33:00+00:00,752.77,753.77,2.6252387483623325,2.6252387483623325,0.39550271839577883,2.2297360299665536,target,17,660,reverse_path|rb=True|bps=1.0|frac=True
2026-07-15,2026-07-15T15:50:00+00:00,2026-07-15T17:46:00+00:00,752.77,753.77,2.628200789928769,2.628200789928769,0.39594896180592876,2.2322518281228403,target,17,6960,reverse_path|rb=True|bps=1.0|frac=True
2026-07-15,2026-07-15T18:44:00+00:00,2026-07-15T19:55:00+00:00,754.15,754.45,2.6263514691544154,0.7879054407465038,0.39621138263663513,0.3916940581098687,end_of_day,19,4260,reverse_path|rb=True|bps=1.0|frac=True
2026-07-16,2026-07-16T13:34:00+00:00,2026-07-16T14:08:00+00:00,752.17,753.17,2.633785785820908,2.633785785820908,0.3964743094827646,2.237311476338143,target,20,2040,reverse_path|rb=True|bps=1.0|frac=True
2026-07-16,2026-07-16T14:39:00+00:00,2026-07-16T16:15:00+00:00,753.84,751.93,2.6309189828043755,-5.0250552571565725,0.39615588767373444,-5.421211144830307,trailing_stop,22,5760,reverse_path|rb=True|bps=1.0|frac=True
2026-07-16,2026-07-16T16:20:00+00:00,2026-07-16T16:55:00+00:00,751.85,752.85,2.6306720154983307,2.6306720154983307,0.3958372181720338,2.2348347973262968,target,23,2100,reverse_path|rb=True|bps=1.0|frac=True
2026-07-16,2026-07-16T17:00:00+00:00,2026-07-16T18:40:00+00:00,752.37,750.27,2.631824221659219,-5.52683086548442,0.39546843484340083,-5.92229930032782,trailing_stop,24,6000,reverse_path|rb=True|bps=1.0|frac=True
2026-07-16,2026-07-16T19:07:00+00:00,2026-07-16T19:55:00+00:00,750.02,750.41,2.63217419582067,1.0265479363700254,0.39493931286352074,0.6316086235065046,end_of_day,25,2880,reverse_path|rb=True|bps=1.0|frac=True
2026-07-17,2026-07-17T13:35:00+00:00,2026-07-17T13:40:00+00:00,740.83,741.83,2.6656788993060827,2.6656788993060827,0.3952295476845157,2.270449351621567,target,26,300,reverse_path|rb=True|bps=1.0|frac=True
2026-07-17,2026-07-17T14:20:00+00:00,2026-07-17T15:00:00+00:00,746.37,744.59,2.6489346414305865,-4.7151036617463715,0.3949455592987347,-5.110049221045106,trailing_stop,33,2400,reverse_path|rb=True|bps=1.0|frac=True
2026-07-17,2026-07-17T15:11:00+00:00,2026-07-17T15:29:00+00:00,744.38,745.38,2.649151373093718,2.649151373093718,0.3946599749580097,2.254491398135708,target,35,1080,reverse_path|rb=True|bps=1.0|frac=True
2026-07-17,2026-07-17T15:32:00+00:00,2026-07-17T15:54:00+00:00,744.94,745.94,2.6501863109802635,2.6501863109802635,0.39511097673142553,2.255075334248838,target,36,1320,reverse_path|rb=True|bps=1.0|frac=True
2026-07-17,2026-07-17T16:01:00+00:00,2026-07-17T16:01:00+00:00,745.99,746.99,2.649479035692015,2.649479035692015,0.3955619210707465,2.2539171146212684,target,37,0,reverse_path|rb=True|bps=1.0|frac=True
2026-07-17,2026-07-17T16:01:00+00:00,2026-07-17T16:48:00+00:00,745.99,746.99,2.652500412807823,2.652500412807823,0.39601300663138234,2.2564874061764404,target,37,2820,reverse_path|rb=True|bps=1.0|frac=True
2026-07-17,2026-07-17T17:20:00+00:00,2026-07-17T17:28:00+00:00,745.99,746.99,2.6555252354008556,2.6555252354008556,0.3964646065948769,2.2590606288059787,target,37,480,reverse_path|rb=True|bps=1.0|frac=True
2026-07-17,2026-07-17T17:36:00+00:00,2026-07-17T18:15:00+00:00,745.99,743.65,2.65855350740022,-6.2210152073166,0.39602876467636633,-6.617043971992966,trailing_stop,37,2340,reverse_path|rb=True|bps=1.0|frac=True
2026-07-17,2026-07-17T18:43:00+00:00,2026-07-17T18:49:00+00:00,743.23,744.23,2.6595230103918,2.6595230103918,0.3955934097037387,2.263929600688061,target,38,360,reverse_path|rb=True|bps=1.0|frac=True
2026-07-17,2026-07-17T19:03:00+00:00,2026-07-17T19:55:00+00:00,743.75,744.03,2.6607075181367197,0.744998105078209,0.3958547431333449,0.34914336194486406,end_of_day,39,3120,reverse_path|rb=True|bps=1.0|frac=True
2026-07-17,2026-07-17T19:59:00+00:00,2026-07-17T19:59:00+00:00,743.75,743.16,2.661176954589755,-1.5700944032080402,0.3956930625549052,-1.9657874657629453,end_of_day,39,0,reverse_path|rb=True|bps=1.0|frac=True
2026-07-13,2026-07-13T13:40:00+00:00,2026-07-13T14:00:00+00:00,752.77,753.77,2.0,2.0,0.301308,1.6986919999999999,target,1,1200,reverse_path|rb=True|bps=1.0|frac=False
2026-07-13,2026-07-13T14:02:00+00:00,2026-07-13T14:16:00+00:00,752.77,750.84,2.0,-3.8599999999999,0.30072200000000004,-4.1607219999999,trailing_stop,1,840,reverse_path|rb=True|bps=1.0|frac=False
2026-07-13,2026-07-13T14:16:00+00:00,2026-07-13T16:23:00+00:00,752.77,750.66,2.0,-4.220000000000027,0.30068599999999995,-4.520686000000027,trailing_stop,1,7620,reverse_path|rb=True|bps=1.0|frac=False
2026-07-13,2026-07-13T16:26:00+00:00,2026-07-13T19:38:00+00:00,750.25,748.03,2.0,-4.440000000000055,0.299656,-4.739656000000054,trailing_stop,2,11520,reverse_path|rb=True|bps=1.0|frac=False
2026-07-14,2026-07-14T13:42:00+00:00,2026-07-14T13:45:00+00:00,750.68,751.68,2.0,2.0,0.30047199999999996,1.699528,target,6,180,reverse_path|rb=True|bps=1.0|frac=False
2026-07-14,2026-07-14T13:47:00+00:00,2026-07-14T14:16:00+00:00,750.68,748.97,2.0,-3.4199999999998454,0.29993000000000003,-3.719929999999845,trailing_stop,6,1740,reverse_path|rb=True|bps=1.0|frac=False
2026-07-14,2026-07-14T14:46:00+00:00,2026-07-14T14:58:00+00:00,750.94,751.94,2.0,2.0,0.300576,1.699424,target,10,720,reverse_path|rb=True|bps=1.0|frac=False
2026-07-14,2026-07-14T15:18:00+00:00,2026-07-14T16:02:00+00:00,752.01,750.26,2.0,-3.5,0.300454,-3.800454,trailing_stop,11,2640,reverse_path|rb=True|bps=1.0|frac=False
2026-07-14,2026-07-14T16:46:00+00:00,2026-07-14T17:09:00+00:00,751.18,752.18,2.0,2.0,0.300672,1.699328,target,14,1380,reverse_path|rb=True|bps=1.0|frac=False
2026-07-14,2026-07-14T17:35:00+00:00,2026-07-14T19:55:00+00:00,751.99,752.1,2.0,0.22000000000002728,0.30081800000000003,-0.08081799999997274,end_of_day,15,8400,reverse_path|rb=True|bps=1.0|frac=False
2026-07-14,2026-07-14T19:59:00+00:00,2026-07-14T19:59:00+00:00,751.99,751.87,2.0,-0.2400000000000091,0.30077200000000004,-0.5407720000000091,end_of_day,15,0,reverse_path|rb=True|bps=1.0|frac=False
2026-07-15,2026-07-15T13:38:00+00:00,2026-07-15T14:19:00+00:00,754.53,755.53,2.0,2.0,0.302012,1.697988,target,16,2460,reverse_path|rb=True|bps=1.0|frac=False
2026-07-15,2026-07-15T14:23:00+00:00,2026-07-15T15:17:00+00:00,754.53,752.23,2.0,-4.599999999999909,0.301352,-4.901351999999909,trailing_stop,16,3240,reverse_path|rb=True|bps=1.0|frac=False
2026-07-15,2026-07-15T15:22:00+00:00,2026-07-15T15:33:00+00:00,752.77,753.77,2.0,2.0,0.301308,1.6986919999999999,target,17,660,reverse_path|rb=True|bps=1.0|frac=False
2026-07-15,2026-07-15T15:50:00+00:00,2026-07-15T17:46:00+00:00,752.77,753.77,2.0,2.0,0.301308,1.6986919999999999,target,17,6960,reverse_path|rb=True|bps=1.0|frac=False
2026-07-15,2026-07-15T18:44:00+00:00,2026-07-15T19:55:00+00:00,754.15,754.45,2.0,0.6000000000001364,0.30172,0.29828000000013644,end_of_day,19,4260,reverse_path|rb=True|bps=1.0|frac=False
2026-07-16,2026-07-16T13:34:00+00:00,2026-07-16T14:08:00+00:00,752.17,753.17,2.0,2.0,0.301068,1.698932,target,20,2040,reverse_path|rb=True|bps=1.0|frac=False
2026-07-16,2026-07-16T14:39:00+00:00,2026-07-16T16:15:00+00:00,753.84,751.93,2.0,-3.8200000000001637,0.301154,-4.121154000000164,trailing_stop,22,5760,reverse_path|rb=True|bps=1.0|frac=False
2026-07-16,2026-07-16T16:20:00+00:00,2026-07-16T16:55:00+00:00,751.85,752.85,2.0,2.0,0.30094,1.69906,target,23,2100,reverse_path|rb=True|bps=1.0|frac=False
2026-07-16,2026-07-16T17:00:00+00:00,2026-07-16T18:40:00+00:00,752.37,750.27,2.0,-4.2000000000000455,0.30052799999999996,-4.500528000000045,trailing_stop,24,6000,reverse_path|rb=True|bps=1.0|frac=False
2026-07-16,2026-07-16T19:07:00+00:00,2026-07-16T19:55:00+00:00,750.02,750.41,2.0,0.7799999999999727,0.30008599999999996,0.47991399999997275,end_of_day,25,2880,reverse_path|rb=True|bps=1.0|frac=False
2026-07-17,2026-07-17T13:35:00+00:00,2026-07-17T13:40:00+00:00,740.83,741.83,2.0,2.0,0.296532,1.703468,target,26,300,reverse_path|rb=True|bps=1.0|frac=False
2026-07-17,2026-07-17T14:20:00+00:00,2026-07-17T15:00:00+00:00,746.37,744.59,2.0,-3.5599999999999454,0.298192,-3.8581919999999457,trailing_stop,33,2400,reverse_path|rb=True|bps=1.0|frac=False
2026-07-17,2026-07-17T15:11:00+00:00,2026-07-17T15:29:00+00:00,744.38,745.38,2.0,2.0,0.297952,1.702048,target,35,1080,reverse_path|rb=True|bps=1.0|frac=False
2026-07-17,2026-07-17T15:32:00+00:00,2026-07-17T15:54:00+00:00,744.94,745.94,2.0,2.0,0.298176,1.701824,target,36,1320,reverse_path|rb=True|bps=1.0|frac=False
2026-07-17,2026-07-17T16:01:00+00:00,2026-07-17T16:01:00+00:00,745.99,746.99,2.0,2.0,0.29859600000000003,1.701404,target,37,0,reverse_path|rb=True|bps=1.0|frac=False
2026-07-17,2026-07-17T16:01:00+00:00,2026-07-17T16:48:00+00:00,745.99,746.99,2.0,2.0,0.29859600000000003,1.701404,target,37,2820,reverse_path|rb=True|bps=1.0|frac=False
2026-07-17,2026-07-17T17:20:00+00:00,2026-07-17T17:28:00+00:00,745.99,746.99,2.0,2.0,0.29859600000000003,1.701404,target,37,480,reverse_path|rb=True|bps=1.0|frac=False
2026-07-17,2026-07-17T17:36:00+00:00,2026-07-17T18:15:00+00:00,745.99,743.65,2.0,-4.680000000000064,0.29792799999999997,-4.977928000000063,trailing_stop,37,2340,reverse_path|rb=True|bps=1.0|frac=False
2026-07-17,2026-07-17T18:43:00+00:00,2026-07-17T18:49:00+00:00,743.23,744.23,2.0,2.0,0.29749200000000003,1.702508,target,38,360,reverse_path|rb=True|bps=1.0|frac=False
2026-07-17,2026-07-17T19:03:00+00:00,2026-07-17T19:55:00+00:00,743.75,744.03,2.0,0.5599999999999454,0.297556,0.26244399999994544,end_of_day,39,3120,reverse_path|rb=True|bps=1.0|frac=False
2026-07-17,2026-07-17T19:59:00+00:00,2026-07-17T19:59:00+00:00,743.75,743.16,2.0,-1.1800000000000637,0.297382,-1.4773820000000637,end_of_day,39,0,reverse_path|rb=True|bps=1.0|frac=False
2026-07-13,2026-07-13T13:40:00+00:00,2026-07-13T14:00:00+00:00,752.77,753.77,2.6568540191559173,2.6568540191559173,0.8005313708038311,1.8563226483520863,target,1,1200,reverse_path|rb=True|bps=2.0|frac=True
2026-07-13,2026-07-13T14:02:00+00:00,2026-07-13T14:16:00+00:00,752.77,750.84,2.6593200083004795,-5.132487616019793,0.7997160315361369,-5.93220364755593,trailing_stop,1,840,reverse_path|rb=True|bps=2.0|frac=True
2026-07-13,2026-07-13T14:16:00+00:00,2026-07-13T16:23:00+00:00,752.77,750.66,2.6514395087487492,-5.594537363459897,0.7972507401276263,-6.391788103587523,trailing_stop,1,7620,reverse_path|rb=True|bps=2.0|frac=True
2026-07-13,2026-07-13T16:26:00+00:00,2026-07-13T19:38:00+00:00,750.25,748.03,2.6518258325854163,-5.8870533483396965,0.7946355216892155,-6.681688870028912,trailing_stop,2,11520,reverse_path|rb=True|bps=2.0|frac=True
2026-07-14,2026-07-14T13:42:00+00:00,2026-07-14T13:45:00+00:00,750.68,751.68,2.6414059812798794,2.6414059812798794,0.7936685380071279,1.8477374432727514,target,6,180,reverse_path|rb=True|bps=2.0|frac=True
2026-07-14,2026-07-14T13:47:00+00:00,2026-07-14T14:16:00+00:00,750.68,748.97,2.6438673995183732,-4.521013253176214,0.7929751491375457,-5.31398840231376,trailing_stop,6,1740,reverse_path|rb=True|bps=2.0|frac=True
2026-07-14,2026-07-14T14:46:00+00:00,2026-07-14T14:58:00+00:00,750.94,751.94,2.635875557392253,2.635875557392253,0.7922809315387339,1.8435946258535192,target,10,720,reverse_path|rb=True|bps=2.0|frac=True
2026-07-14,2026-07-14T15:18:00+00:00,2026-07-14T16:02:00+00:00,752.01,750.26,2.6345766488397655,-4.61050913546959,0.7915690924505029,-5.402078227920093,trailing_stop,11,2640,reverse_path|rb=True|bps=2.0|frac=True
2026-07-14,2026-07-14T16:46:00+00:00,2026-07-14T17:09:00+00:00,751.18,752.18,2.630296210583445,2.630296210583445,0.7908564222285455,1.8394397883548994,target,14,1380,reverse_path|rb=True|bps=2.0|frac=True
2026-07-14,2026-07-14T17:35:00+00:00,2026-07-14T19:55:00+00:00,751.99,752.1,2.629909104182804,0.28929000146014433,0.7911239969020628,-0.5018339954419184,end_of_day,15,8400,reverse_path|rb=True|bps=2.0|frac=True
2026-07-14,2026-07-14T19:59:00+00:00,2026-07-14T19:59:00+00:00,751.99,751.87,2.6292417628678373,-0.31550901154415245,0.7908023035012852,-1.1063113150454376,end_of_day,15,0,reverse_path|rb=True|bps=2.0|frac=True
2026-07-15,2026-07-15T13:38:00+00:00,2026-07-15T14:19:00+00:00,754.53,755.53,2.6189246311530883,2.6189246311530883,0.7909466657038065,1.8279779654492818,target,16,2460,reverse_path|rb=True|bps=2.0|frac=True
2026-07-15,2026-07-15T14:23:00+00:00,2026-07-15T15:17:00+00:00,754.53,752.23,2.621347302174054,-6.029098795000205,0.7899482522047555,-6.81904704720496,trailing_stop,16,3240,reverse_path|rb=True|bps=2.0|frac=True
2026-07-15,2026-07-15T15:22:00+00:00,2026-07-15T15:33:00+00:00,752.77,753.77,2.6184174885585025,2.6184174885585025,0.7889501366425852,1.8294673519159175,target,17,660,reverse_path|rb=True|bps=2.0|frac=True
2026-07-15,2026-07-15T15:50:00+00:00,2026-07-15T17:46:00+00:00,752.77,753.77,2.6208478024019284,2.6208478024019284,0.7896824096461202,1.8311653927558083,target,17,6960,reverse_path|rb=True|bps=2.0|frac=True
2026-07-15,2026-07-15T18:44:00+00:00,2026-07-15T19:55:00+00:00,754.15,754.45,2.6184800976024074,0.7855440292809008,0.7900478150485983,-0.004503785767697499,end_of_day,19,4260,reverse_path|rb=True|bps=2.0|frac=True
2026-07-16,2026-07-16T13:34:00+00:00,2026-07-16T14:08:00+00:00,752.17,753.17,2.6253669540410915,2.6253669540410915,0.7904139781192433,1.8349529759218481,target,20,2040,reverse_path|rb=True|bps=2.0|frac=True
2026-07-16,2026-07-16T14:39:00+00:00,2026-07-16T16:15:00+00:00,753.84,751.93,2.62198505624139,-5.00799145742127,0.7896212876273196,-5.79761274504859,trailing_stop,22,5760,reverse_path|rb=True|bps=2.0|frac=True
2026-07-16,2026-07-16T16:20:00+00:00,2026-07-16T16:55:00+00:00,751.85,752.85,2.621213808674551,2.621213808674551,0.7888280835825194,1.8323857250920315,target,23,2100,reverse_path|rb=True|bps=2.0|frac=True
2026-07-16,2026-07-16T17:00:00+00:00,2026-07-16T18:40:00+00:00,752.37,750.27,2.621837643416209,-5.505859051174099,0.7879356233005864,-6.293794674474685,trailing_stop,24,6000,reverse_path|rb=True|bps=2.0|frac=True
2026-07-16,2026-07-16T19:07:00+00:00,2026-07-16T19:55:00+00:00,750.02,750.41,2.62166101317642,1.022447795138768,0.7867237668000591,0.23572402833870898,end_of_day,25,2880,reverse_path|rb=True|bps=2.0|frac=True
2026-07-17,2026-07-17T13:35:00+00:00,2026-07-17T13:40:00+00:00,740.83,741.83,2.654500920765786,2.654500920765786,0.7871444670365201,1.8673564537292657,target,26,300,reverse_path|rb=True|bps=2.0|frac=True
2026-07-17,2026-07-17T14:20:00+00:00,2026-07-17T15:00:00+00:00,746.37,744.59,2.637299561322999,-4.694393219154866,0.7864216307900277,-5.480814849944894,trailing_stop,33,2400,reverse_path|rb=True|bps=2.0|frac=True
2026-07-17,2026-07-17T15:11:00+00:00,2026-07-17T15:29:00+00:00,744.38,745.38,2.636987101661385,2.636987101661385,0.785695580914213,1.851291520747172,target,35,1080,reverse_path|rb=True|bps=2.0|frac=True
2026-07-17,2026-07-17T15:32:00+00:00,2026-07-17T15:54:00+00:00,744.94,745.94,2.6374899324179784,2.6374899324179784,0.7864361980886632,1.8510537343293152,target,36,1320,reverse_path|rb=True|bps=2.0|frac=True
2026-07-17,2026-07-17T16:01:00+00:00,2026-07-17T16:01:00+00:00,745.99,746.99,2.636258936433167,2.636258936433167,0.787176373383198,1.8490825630499692,target,37,0,reverse_path|rb=True|bps=2.0|frac=True
2026-07-17,2026-07-17T16:01:00+00:00,2026-07-17T16:48:00+00:00,745.99,746.99,2.6387376326128074,2.6387376326128074,0.7879165021476539,1.8508211304651536,target,37,2820,reverse_path|rb=True|bps=2.0|frac=True
2026-07-17,2026-07-17T17:20:00+00:00,2026-07-17T17:28:00+00:00,745.99,746.99,2.6412186593430116,2.6412186593430116,0.7886573268051859,1.8525613325378258,target,37,480,reverse_path|rb=True|bps=2.0|frac=True
2026-07-17,2026-07-17T17:36:00+00:00,2026-07-17T18:15:00+00:00,745.99,743.65,2.643702018815039,-6.186262724027276,0.7876328550615269,-6.973895579088802,trailing_stop,37,2340,reverse_path|rb=True|bps=2.0|frac=True
2026-07-17,2026-07-17T18:43:00+00:00,2026-07-17T18:49:00+00:00,743.23,744.23,2.6441362343241557,2.6441362343241557,0.7866093766215617,1.8575268577025938,target,38,360,reverse_path|rb=True|bps=2.0|frac=True
2026-07-17,2026-07-17T19:03:00+00:00,2026-07-17T19:55:00+00:00,743.75,744.03,2.6447850760261447,0.7405398212872484,0.7869716680820354,-0.04643184679478707,end_of_day,39,3120,reverse_path|rb=True|bps=2.0|frac=True
2026-07-17,2026-07-17T19:59:00+00:00,2026-07-17T19:59:00+00:00,743.75,743.16,2.644722646652303,-1.560386361524943,0.7864929101067551,-2.346879271631698,end_of_day,39,0,reverse_path|rb=True|bps=2.0|frac=True
2026-07-13,2026-07-13T13:40:00+00:00,2026-07-13T14:00:00+00:00,752.77,753.77,2.0,2.0,0.602616,1.397384,target,1,1200,reverse_path|rb=True|bps=2.0|frac=False
2026-07-13,2026-07-13T14:02:00+00:00,2026-07-13T14:16:00+00:00,752.77,750.84,2.0,-3.8599999999999,0.6014440000000001,-4.4614439999999,trailing_stop,1,840,reverse_path|rb=True|bps=2.0|frac=False
2026-07-13,2026-07-13T14:16:00+00:00,2026-07-13T16:23:00+00:00,752.77,750.66,2.0,-4.220000000000027,0.6013719999999999,-4.821372000000027,trailing_stop,1,7620,reverse_path|rb=True|bps=2.0|frac=False
2026-07-13,2026-07-13T16:26:00+00:00,2026-07-13T19:38:00+00:00,750.25,748.03,2.0,-4.440000000000055,0.599312,-5.039312000000055,trailing_stop,2,11520,reverse_path|rb=True|bps=2.0|frac=False
2026-07-14,2026-07-14T13:42:00+00:00,2026-07-14T13:45:00+00:00,750.68,751.68,2.0,2.0,0.6009439999999999,1.399056,target,6,180,reverse_path|rb=True|bps=2.0|frac=False
2026-07-14,2026-07-14T13:47:00+00:00,2026-07-14T14:16:00+00:00,750.68,748.97,2.0,-3.4199999999998454,0.5998600000000001,-4.019859999999845,trailing_stop,6,1740,reverse_path|rb=True|bps=2.0|frac=False
2026-07-14,2026-07-14T14:46:00+00:00,2026-07-14T14:58:00+00:00,750.94,751.94,2.0,2.0,0.601152,1.398848,target,10,720,reverse_path|rb=True|bps=2.0|frac=False
2026-07-14,2026-07-14T15:18:00+00:00,2026-07-14T16:02:00+00:00,752.01,750.26,2.0,-3.5,0.600908,-4.100908,trailing_stop,11,2640,reverse_path|rb=True|bps=2.0|frac=False
2026-07-14,2026-07-14T16:46:00+00:00,2026-07-14T17:09:00+00:00,751.18,752.18,2.0,2.0,0.601344,1.398656,target,14,1380,reverse_path|rb=True|bps=2.0|frac=False
2026-07-14,2026-07-14T17:35:00+00:00,2026-07-14T19:55:00+00:00,751.99,752.1,2.0,0.22000000000002728,0.6016360000000001,-0.3816359999999728,end_of_day,15,8400,reverse_path|rb=True|bps=2.0|frac=False
2026-07-14,2026-07-14T19:59:00+00:00,2026-07-14T19:59:00+00:00,751.99,751.87,2.0,-0.2400000000000091,0.6015440000000001,-0.8415440000000092,end_of_day,15,0,reverse_path|rb=True|bps=2.0|frac=False
2026-07-15,2026-07-15T13:38:00+00:00,2026-07-15T14:19:00+00:00,754.53,755.53,2.0,2.0,0.604024,1.395976,target,16,2460,reverse_path|rb=True|bps=2.0|frac=False
2026-07-15,2026-07-15T14:23:00+00:00,2026-07-15T15:17:00+00:00,754.53,752.23,2.0,-4.599999999999909,0.602704,-5.202703999999909,trailing_stop,16,3240,reverse_path|rb=True|bps=2.0|frac=False
2026-07-15,2026-07-15T15:22:00+00:00,2026-07-15T15:33:00+00:00,752.77,753.77,2.0,2.0,0.602616,1.397384,target,17,660,reverse_path|rb=True|bps=2.0|frac=False
2026-07-15,2026-07-15T15:50:00+00:00,2026-07-15T17:46:00+00:00,752.77,753.77,2.0,2.0,0.602616,1.397384,target,17,6960,reverse_path|rb=True|bps=2.0|frac=False
2026-07-15,2026-07-15T18:44:00+00:00,2026-07-15T19:55:00+00:00,754.15,754.45,2.0,0.6000000000001364,0.60344,-0.003439999999863552,end_of_day,19,4260,reverse_path|rb=True|bps=2.0|frac=False
2026-07-16,2026-07-16T13:34:00+00:00,2026-07-16T14:08:00+00:00,752.17,753.17,2.0,2.0,0.602136,1.397864,target,20,2040,reverse_path|rb=True|bps=2.0|frac=False
2026-07-16,2026-07-16T14:39:00+00:00,2026-07-16T16:15:00+00:00,753.84,751.93,2.0,-3.8200000000001637,0.602308,-4.4223080000001636,trailing_stop,22,5760,reverse_path|rb=True|bps=2.0|frac=False
2026-07-16,2026-07-16T16:20:00+00:00,2026-07-16T16:55:00+00:00,751.85,752.85,2.0,2.0,0.60188,1.39812,target,23,2100,reverse_path|rb=True|bps=2.0|frac=False
2026-07-16,2026-07-16T17:00:00+00:00,2026-07-16T18:40:00+00:00,752.37,750.27,2.0,-4.2000000000000455,0.6010559999999999,-4.801056000000045,trailing_stop,24,6000,reverse_path|rb=True|bps=2.0|frac=False
2026-07-16,2026-07-16T19:07:00+00:00,2026-07-16T19:55:00+00:00,750.02,750.41,2.0,0.7799999999999727,0.6001719999999999,0.1798279999999728,end_of_day,25,2880,reverse_path|rb=True|bps=2.0|frac=False
2026-07-17,2026-07-17T13:35:00+00:00,2026-07-17T13:40:00+00:00,740.83,741.83,2.0,2.0,0.593064,1.406936,target,26,300,reverse_path|rb=True|bps=2.0|frac=False
2026-07-17,2026-07-17T14:20:00+00:00,2026-07-17T15:00:00+00:00,746.37,744.59,2.0,-3.5599999999999454,0.596384,-4.156383999999946,trailing_stop,33,2400,reverse_path|rb=True|bps=2.0|frac=False
2026-07-17,2026-07-17T15:11:00+00:00,2026-07-17T15:29:00+00:00,744.38,745.38,2.0,2.0,0.595904,1.404096,target,35,1080,reverse_path|rb=True|bps=2.0|frac=False
2026-07-17,2026-07-17T15:32:00+00:00,2026-07-17T15:54:00+00:00,744.94,745.94,2.0,2.0,0.596352,1.403648,target,36,1320,reverse_path|rb=True|bps=2.0|frac=False
2026-07-17,2026-07-17T16:01:00+00:00,2026-07-17T16:01:00+00:00,745.99,746.99,2.0,2.0,0.5971920000000001,1.4028079999999998,target,37,0,reverse_path|rb=True|bps=2.0|frac=False
2026-07-17,2026-07-17T16:01:00+00:00,2026-07-17T16:48:00+00:00,745.99,746.99,2.0,2.0,0.5971920000000001,1.4028079999999998,target,37,2820,reverse_path|rb=True|bps=2.0|frac=False
2026-07-17,2026-07-17T17:20:00+00:00,2026-07-17T17:28:00+00:00,745.99,746.99,2.0,2.0,0.5971920000000001,1.4028079999999998,target,37,480,reverse_path|rb=True|bps=2.0|frac=False
2026-07-17,2026-07-17T17:36:00+00:00,2026-07-17T18:15:00+00:00,745.99,743.65,2.0,-4.680000000000064,0.5958559999999999,-5.275856000000063,trailing_stop,37,2340,reverse_path|rb=True|bps=2.0|frac=False
2026-07-17,2026-07-17T18:43:00+00:00,2026-07-17T18:49:00+00:00,743.23,744.23,2.0,2.0,0.5949840000000001,1.4050159999999998,target,38,360,reverse_path|rb=True|bps=2.0|frac=False
2026-07-17,2026-07-17T19:03:00+00:00,2026-07-17T19:55:00+00:00,743.75,744.03,2.0,0.5599999999999454,0.595112,-0.035112000000054544,end_of_day,39,3120,reverse_path|rb=True|bps=2.0|frac=False
2026-07-17,2026-07-17T19:59:00+00:00,2026-07-17T19:59:00+00:00,743.75,743.16,2.0,-1.1800000000000637,0.594764,-1.7747640000000637,end_of_day,39,0,reverse_path|rb=True|bps=2.0|frac=False
2026-07-13,2026-07-13T13:40:00+00:00,2026-07-13T14:00:00+00:00,752.77,753.77,2.6568540191559173,2.6568540191559173,2.001328427009578,0.6555255921463394,target,1,1200,reverse_path|rb=True|bps=5.0|frac=True
2026-07-13,2026-07-13T14:02:00+00:00,2026-07-13T14:16:00+00:00,752.77,750.84,2.6577248370579944,-5.129408935521797,1.9980908211243855,-7.127499756646182,trailing_stop,1,840,reverse_path|rb=True|bps=5.0|frac=True
2026-07-13,2026-07-13T14:16:00+00:00,2026-07-13T16:23:00+00:00,752.77,750.66,2.6482564738705054,-5.587821159866802,1.9907341152555669,-7.578555275122369,trailing_stop,1,7620,reverse_path|rb=True|bps=5.0|frac=True
2026-07-13,2026-07-13T16:26:00+00:00,2026-07-13T19:38:00+00:00,750.25,748.03,2.6470502773213966,-5.876451615653573,1.983011244752551,-7.859462860406124,trailing_stop,2,11520,reverse_path|rb=True|bps=5.0|frac=True
2026-07-14,2026-07-14T13:42:00+00:00,2026-07-14T13:45:00+00:00,750.68,751.68,2.6350642187083335,2.6350642187083335,1.9794075398093256,0.6556566788990079,target,6,180,reverse_path|rb=True|bps=5.0|frac=True
2026-07-14,2026-07-14T13:47:00+00:00,2026-07-14T14:16:00+00:00,750.68,748.97,2.635937635715446,-4.507453357073208,1.9764919377003345,-6.483945294773543,trailing_stop,6,1740,reverse_path|rb=True|bps=5.0|frac=True
2026-07-14,2026-07-14T14:46:00+00:00,2026-07-14T14:58:00+00:00,750.94,751.94,2.626390549290352,2.626390549290352,1.9735749143587422,0.6528156349316099,target,10,720,reverse_path|rb=True|bps=5.0|frac=True
2026-07-14,2026-07-14T15:18:00+00:00,2026-07-14T16:02:00+00:00,752.01,750.26,2.6235216748700534,-4.591162931022593,1.9706189532535177,-6.561781884276111,trailing_stop,11,2640,reverse_path|rb=True|bps=5.0|frac=True
2026-07-14,2026-07-14T16:46:00+00:00,2026-07-14T17:09:00+00:00,751.18,752.18,2.6176851790978897,2.6176851790978897,1.9676615954243017,0.6500235836735879,target,14,1380,reverse_path|rb=True|bps=5.0|frac=True
2026-07-14,2026-07-14T17:35:00+00:00,2026-07-14T19:55:00+00:00,751.99,752.1,2.615729965050634,0.2877302961556054,1.9671466415665044,-1.679416345410899,end_of_day,15,8400,reverse_path|rb=True|bps=5.0|frac=True
2026-07-14,2026-07-14T19:59:00+00:00,2026-07-14T19:59:00+00:00,751.99,751.87,2.6134966689357775,-0.3136196002723052,1.9651665502728792,-2.2787861505451845,end_of_day,15,0,reverse_path|rb=True|bps=5.0|frac=True
2026-07-15,2026-07-15T13:38:00+00:00,2026-07-15T14:19:00+00:00,754.53,755.53,2.601678626326946,2.601678626326946,1.964345413235634,0.6373332130913121,target,16,2460,reverse_path|rb=True|bps=5.0|frac=True
2026-07-15,2026-07-15T14:23:00+00:00,2026-07-15T15:17:00+00:00,754.53,752.23,2.6025233021027154,-5.985803594836127,1.9606890053381438,-7.94649260017427,trailing_stop,16,3240,reverse_path|rb=True|bps=5.0|frac=True
2026-07-15,2026-07-15T15:22:00+00:00,2026-07-15T15:33:00+00:00,752.77,753.77,2.5980517482569545,2.5980517482569545,1.9570344404095161,0.6410173078474384,target,17,660,reverse_path|rb=True|bps=5.0|frac=True
2026-07-15,2026-07-15T15:50:00+00:00,2026-07-15T17:46:00+00:00,752.77,753.77,2.598903292962306,2.598903292962306,1.957675883489716,0.6412274094725898,target,17,6960,reverse_path|rb=True|bps=5.0|frac=True
2026-07-15,2026-07-15T18:44:00+00:00,2026-07-15T19:55:00+00:00,754.15,754.45,2.594997890675207,0.7784993672027392,1.9574069089363086,-1.1789075417335695,end_of_day,19,4260,reverse_path|rb=True|bps=5.0|frac=True
2026-07-16,2026-07-16T13:34:00+00:00,2026-07-16T14:08:00+00:00,752.17,753.17,2.6002615787800285,2.6002615787800285,1.957138882500364,0.6431226962796646,target,20,2040,reverse_path|rb=True|bps=5.0|frac=True
2026-07-16,2026-07-16T14:39:00+00:00,2026-07-16T16:15:00+00:00,753.84,751.93,2.5953542852690936,-4.957126684864181,1.9540033110648216,-6.911129995929002,trailing_stop,22,5760,reverse_path|rb=True|bps=5.0|frac=True
2026-07-16,2026-07-16T16:20:00+00:00,2026-07-16T16:55:00+00:00,751.85,752.85,2.5930315148118965,2.5930315148118965,1.9508672601687302,0.6421642546431663,target,23,2100,reverse_path|rb=True|bps=5.0|frac=True
2026-07-16,2026-07-16T17:00:00+00:00,2026-07-16T18:40:00+00:00,752.37,750.27,2.592092864768621,-5.443395016014163,1.9474912111579605,-7.390886227172124,trailing_stop,24,6000,reverse_path|rb=True|bps=5.0|frac=True
2026-07-16,2026-07-16T19:07:00+00:00,2026-07-16T19:55:00+00:00,750.02,750.41,2.590360286977408,1.0102405119211537,1.9433271426947563,-0.9330866307736025,end_of_day,25,2880,reverse_path|rb=True|bps=5.0|frac=True
2026-07-17,2026-07-17T13:35:00+00:00,2026-07-17T13:40:00+00:00,740.83,741.83,2.6212342046191726,2.6212342046191726,1.9431995529103312,0.6780346517088414,target,26,300,reverse_path|rb=True|bps=5.0|frac=True
2026-07-17,2026-07-17T14:20:00+00:00,2026-07-17T15:00:00+00:00,746.37,744.59,2.6026862956170946,-4.632781606198358,1.9402505796566318,-6.57303218585499,trailing_stop,33,2400,reverse_path|rb=True|bps=5.0|frac=True
2026-07-17,2026-07-17T15:11:00+00:00,2026-07-17T15:29:00+00:00,744.38,745.38,2.600814017402235,2.600814017402235,1.937294345282577,0.6635196721196579,target,35,1080,reverse_path|rb=True|bps=5.0|frac=True
2026-07-17,2026-07-17T15:32:00+00:00,2026-07-17T15:54:00+00:00,744.94,745.94,2.5997495878137773,2.5997495878137773,1.9379573327399022,0.6617922550738751,target,36,1320,reverse_path|rb=True|bps=5.0|frac=True
2026-07-17,2026-07-17T16:01:00+00:00,2026-07-17T16:01:00+00:00,745.99,746.99,2.5969775066704237,2.5969775066704237,1.9386177389544046,0.6583597677160191,target,37,0,reverse_path|rb=True|bps=5.0|frac=True
2026-07-17,2026-07-17T16:01:00+00:00,2026-07-17T16:48:00+00:00,745.99,746.99,2.597860038296472,2.597860038296472,1.9392765399879333,0.6585834983085388,target,37,2820,reverse_path|rb=True|bps=5.0|frac=True
2026-07-17,2026-07-17T17:20:00+00:00,2026-07-17T17:28:00+00:00,745.99,746.99,2.598742869833502,2.598742869833502,1.939935564902011,0.6588073049314909,target,37,480,reverse_path|rb=True|bps=5.0|frac=True
2026-07-17,2026-07-17T17:36:00+00:00,2026-07-17T18:15:00+00:00,745.99,743.65,2.599626001383431,-6.083124843237311,1.9362534383504069,-8.019378281587718,trailing_stop,37,2340,reverse_path|rb=True|bps=5.0|frac=True
2026-07-17,2026-07-17T18:43:00+00:00,2026-07-17T18:49:00+00:00,743.23,744.23,2.5984898651701864,2.5984898651701864,1.9325748674230228,0.6659149977471637,target,38,360,reverse_path|rb=True|bps=5.0|frac=True
2026-07-17,2026-07-17T19:03:00+00:00,2026-07-17T19:55:00+00:00,743.75,744.03,2.597568453765627,0.7273191670543048,1.9323051970717127,-1.204986030017408,end_of_day,39,3120,reverse_path|rb=True|bps=5.0|frac=True
2026-07-17,2026-07-17T19:59:00+00:00,2026-07-17T19:59:00+00:00,743.75,743.16,2.59594830448157,-1.531609499644209,1.9299707467083456,-3.4615802463525545,end_of_day,39,0,reverse_path|rb=True|bps=5.0|frac=True
2026-07-13,2026-07-13T13:40:00+00:00,2026-07-13T14:00:00+00:00,752.77,753.77,2.0,2.0,1.50654,0.49346,target,1,1200,reverse_path|rb=True|bps=5.0|frac=False
2026-07-13,2026-07-13T14:02:00+00:00,2026-07-13T14:16:00+00:00,752.77,750.84,2.0,-3.8599999999999,1.5036100000000001,-5.3636099999999,trailing_stop,1,840,reverse_path|rb=True|bps=5.0|frac=False
2026-07-13,2026-07-13T14:16:00+00:00,2026-07-13T16:23:00+00:00,752.77,750.66,2.0,-4.220000000000027,1.5034299999999998,-5.723430000000027,trailing_stop,1,7620,reverse_path|rb=True|bps=5.0|frac=False
2026-07-13,2026-07-13T16:26:00+00:00,2026-07-13T19:38:00+00:00,750.25,748.03,2.0,-4.440000000000055,1.4982799999999998,-5.938280000000054,trailing_stop,2,11520,reverse_path|rb=True|bps=5.0|frac=False
2026-07-14,2026-07-14T13:42:00+00:00,2026-07-14T13:45:00+00:00,750.68,751.68,2.0,2.0,1.50236,0.4976400000000001,target,6,180,reverse_path|rb=True|bps=5.0|frac=False
2026-07-14,2026-07-14T13:47:00+00:00,2026-07-14T14:16:00+00:00,750.68,748.97,2.0,-3.4199999999998454,1.49965,-4.919649999999845,trailing_stop,6,1740,reverse_path|rb=True|bps=5.0|frac=False
2026-07-14,2026-07-14T14:46:00+00:00,2026-07-14T14:58:00+00:00,750.94,751.94,2.0,2.0,1.5028800000000002,0.4971199999999998,target,10,720,reverse_path|rb=True|bps=5.0|frac=False
2026-07-14,2026-07-14T15:18:00+00:00,2026-07-14T16:02:00+00:00,752.01,750.26,2.0,-3.5,1.50227,-5.00227,trailing_stop,11,2640,reverse_path|rb=True|bps=5.0|frac=False
2026-07-14,2026-07-14T16:46:00+00:00,2026-07-14T17:09:00+00:00,751.18,752.18,2.0,2.0,1.5033599999999998,0.4966400000000002,target,14,1380,reverse_path|rb=True|bps=5.0|frac=False
2026-07-14,2026-07-14T17:35:00+00:00,2026-07-14T19:55:00+00:00,751.99,752.1,2.0,0.22000000000002728,1.5040900000000001,-1.2840899999999729,end_of_day,15,8400,reverse_path|rb=True|bps=5.0|frac=False
2026-07-14,2026-07-14T19:59:00+00:00,2026-07-14T19:59:00+00:00,751.99,751.87,2.0,-0.2400000000000091,1.5038600000000002,-1.7438600000000093,end_of_day,15,0,reverse_path|rb=True|bps=5.0|frac=False
2026-07-15,2026-07-15T13:38:00+00:00,2026-07-15T14:19:00+00:00,754.53,755.53,2.0,2.0,1.51006,0.48994000000000004,target,16,2460,reverse_path|rb=True|bps=5.0|frac=False
2026-07-15,2026-07-15T14:23:00+00:00,2026-07-15T15:17:00+00:00,754.53,752.23,2.0,-4.599999999999909,1.50676,-6.106759999999909,trailing_stop,16,3240,reverse_path|rb=True|bps=5.0|frac=False
2026-07-15,2026-07-15T15:22:00+00:00,2026-07-15T15:33:00+00:00,752.77,753.77,2.0,2.0,1.50654,0.49346,target,17,660,reverse_path|rb=True|bps=5.0|frac=False
2026-07-15,2026-07-15T15:50:00+00:00,2026-07-15T17:46:00+00:00,752.77,753.77,2.0,2.0,1.50654,0.49346,target,17,6960,reverse_path|rb=True|bps=5.0|frac=False
2026-07-15,2026-07-15T18:44:00+00:00,2026-07-15T19:55:00+00:00,754.15,754.45,2.0,0.6000000000001364,1.5086,-0.9085999999998635,end_of_day,19,4260,reverse_path|rb=True|bps=5.0|frac=False
2026-07-16,2026-07-16T13:34:00+00:00,2026-07-16T14:08:00+00:00,752.17,753.17,2.0,2.0,1.50534,0.4946600000000001,target,20,2040,reverse_path|rb=True|bps=5.0|frac=False
2026-07-16,2026-07-16T14:39:00+00:00,2026-07-16T16:15:00+00:00,753.84,751.93,2.0,-3.8200000000001637,1.50577,-5.325770000000164,trailing_stop,22,5760,reverse_path|rb=True|bps=5.0|frac=False
2026-07-16,2026-07-16T16:20:00+00:00,2026-07-16T16:55:00+00:00,751.85,752.85,2.0,2.0,1.5047,0.4953000000000001,target,23,2100,reverse_path|rb=True|bps=5.0|frac=False
2026-07-16,2026-07-16T17:00:00+00:00,2026-07-16T18:40:00+00:00,752.37,750.27,2.0,-4.2000000000000455,1.5026399999999998,-5.702640000000045,trailing_stop,24,6000,reverse_path|rb=True|bps=5.0|frac=False
2026-07-16,2026-07-16T19:07:00+00:00,2026-07-16T19:55:00+00:00,750.02,750.41,2.0,0.7799999999999727,1.50043,-0.7204300000000272,end_of_day,25,2880,reverse_path|rb=True|bps=5.0|frac=False
2026-07-17,2026-07-17T13:35:00+00:00,2026-07-17T13:40:00+00:00,740.83,741.83,2.0,2.0,1.48266,0.5173399999999999,target,26,300,reverse_path|rb=True|bps=5.0|frac=False
2026-07-17,2026-07-17T14:20:00+00:00,2026-07-17T15:00:00+00:00,746.37,744.59,2.0,-3.5599999999999454,1.49096,-5.050959999999946,trailing_stop,33,2400,reverse_path|rb=True|bps=5.0|frac=False
2026-07-17,2026-07-17T15:11:00+00:00,2026-07-17T15:29:00+00:00,744.38,745.38,2.0,2.0,1.48976,0.51024,target,35,1080,reverse_path|rb=True|bps=5.0|frac=False
2026-07-17,2026-07-17T15:32:00+00:00,2026-07-17T15:54:00+00:00,744.94,745.94,2.0,2.0,1.4908800000000002,0.5091199999999998,target,36,1320,reverse_path|rb=True|bps=5.0|frac=False
2026-07-17,2026-07-17T16:01:00+00:00,2026-07-17T16:01:00+00:00,745.99,746.99,2.0,2.0,1.49298,0.50702,target,37,0,reverse_path|rb=True|bps=5.0|frac=False
2026-07-17,2026-07-17T16:01:00+00:00,2026-07-17T16:48:00+00:00,745.99,746.99,2.0,2.0,1.49298,0.50702,target,37,2820,reverse_path|rb=True|bps=5.0|frac=False
2026-07-17,2026-07-17T17:20:00+00:00,2026-07-17T17:28:00+00:00,745.99,746.99,2.0,2.0,1.49298,0.50702,target,37,480,reverse_path|rb=True|bps=5.0|frac=False
2026-07-17,2026-07-17T17:36:00+00:00,2026-07-17T18:15:00+00:00,745.99,743.65,2.0,-4.680000000000064,1.4896399999999999,-6.169640000000063,trailing_stop,37,2340,reverse_path|rb=True|bps=5.0|frac=False
2026-07-17,2026-07-17T18:43:00+00:00,2026-07-17T18:49:00+00:00,743.23,744.23,2.0,2.0,1.48746,0.51254,target,38,360,reverse_path|rb=True|bps=5.0|frac=False
2026-07-17,2026-07-17T19:03:00+00:00,2026-07-17T19:55:00+00:00,743.75,744.03,2.0,0.5599999999999454,1.4877799999999999,-0.9277800000000545,end_of_day,39,3120,reverse_path|rb=True|bps=5.0|frac=False
2026-07-17,2026-07-17T19:59:00+00:00,2026-07-17T19:59:00+00:00,743.75,743.16,2.0,-1.1800000000000637,1.48691,-2.6669100000000636,end_of_day,39,0,reverse_path|rb=True|bps=5.0|frac=False
2026-07-13,2026-07-13T13:40:00+00:00,2026-07-13T14:00:00+00:00,752.77,753.77,2.6568540191559173,2.6568540191559173,4.002656854019156,-1.3458028348632385,target,1,1200,reverse_path|rb=True|bps=10.0|frac=True
2026-07-13,2026-07-13T14:02:00+00:00,2026-07-13T14:16:00+00:00,752.77,750.84,2.6550662183205187,-5.124277801358469,3.992184116528916,-9.116461917887385,trailing_stop,1,840,reverse_path|rb=True|bps=10.0|frac=True
2026-07-13,2026-07-13T14:16:00+00:00,2026-07-13T16:23:00+00:00,752.77,750.66,2.642955664077008,-5.576636451202523,3.973498834043296,-9.550135285245819,trailing_stop,1,7620,reverse_path|rb=True|bps=10.0|frac=True
2026-07-13,2026-07-13T16:26:00+00:00,2026-07-13T19:38:00+00:00,750.25,748.03,2.6391037653608844,-5.858810359101235,3.9541163895649065,-9.812926748666142,trailing_stop,2,11520,reverse_path|rb=True|bps=10.0|frac=True
2026-07-14,2026-07-14T13:42:00+00:00,2026-07-14T13:45:00+00:00,750.68,751.68,2.624519999484917,2.624519999484917,3.9429738664261595,-1.3184538669412427,target,6,180,reverse_path|rb=True|bps=10.0|frac=True
2026-07-14,2026-07-14T13:47:00+00:00,2026-07-14T14:16:00+00:00,750.68,748.97,2.6227636534160976,-4.484925847341324,3.933227512845451,-8.418153360186775,trailing_stop,6,1740,reverse_path|rb=True|bps=10.0|frac=True
2026-07-14,2026-07-14T14:46:00+00:00,2026-07-14T14:58:00+00:00,750.94,751.94,2.6106454123980734,2.6106454123980734,3.923486777384817,-1.3128413649867436,target,10,720,reverse_path|rb=True|bps=10.0|frac=True
2026-07-14,2026-07-14T15:18:00+00:00,2026-07-14T16:02:00+00:00,752.01,750.26,2.605185070173565,-4.559073872803738,3.913691375369641,-8.47276524817338,trailing_stop,11,2640,reverse_path|rb=True|bps=10.0|frac=True
2026-07-14,2026-07-14T16:46:00+00:00,2026-07-14T17:09:00+00:00,751.18,752.18,2.596784338471537,2.596784338471537,3.90390170308457,-1.307117364613033,target,14,1380,reverse_path|rb=True|bps=10.0|frac=True
2026-07-14,2026-07-14T17:35:00+00:00,2026-07-14T19:55:00+00:00,751.99,752.1,2.5922490219397014,0.28514739241340253,3.8989758314092864,-3.613828438995884,end_of_day,15,8400,reverse_path|rb=True|bps=10.0|frac=True
2026-07-14,2026-07-14T19:59:00+00:00,2026-07-14T19:59:00+00:00,751.99,751.87,2.5874433351100947,-0.31049320021322313,3.8911525339386674,-4.2016457341518905,end_of_day,15,0,reverse_path|rb=True|bps=10.0|frac=True
2026-07-15,2026-07-15T13:38:00+00:00,2026-07-15T14:19:00+00:00,754.53,755.53,2.5731645764055617,2.5731645764055617,3.885632900246982,-1.3124683238414203,target,16,2460,reverse_path|rb=True|bps=10.0|frac=True
2026-07-15,2026-07-15T14:23:00+00:00,2026-07-15T15:17:00+00:00,754.53,752.23,2.571425124927368,-5.914277787332829,3.8745205212355613,-9.78879830856839,trailing_stop,16,3240,reverse_path|rb=True|bps=10.0|frac=True
2026-07-15,2026-07-15T15:22:00+00:00,2026-07-15T15:33:00+00:00,752.77,753.77,2.5644334938997018,2.5644334938997018,3.8634216358996563,-1.2989881419999545,target,17,660,reverse_path|rb=True|bps=10.0|frac=True
2026-07-15,2026-07-15T15:50:00+00:00,2026-07-15T17:46:00+00:00,752.77,753.77,2.562707882966748,2.562707882966748,3.860821934004724,-1.298114051037976,target,17,6960,reverse_path|rb=True|bps=10.0|frac=True
2026-07-15,2026-07-15T18:44:00+00:00,2026-07-15T19:55:00+00:00,754.15,754.45,2.556297154425301,0.7668891463277646,3.856429887166008,-3.0895407408382436,end_of_day,19,4260,reverse_path|rb=True|bps=10.0|frac=True
2026-07-16,2026-07-16T13:34:00+00:00,2026-07-16T14:08:00+00:00,752.17,753.17,2.5589188059467975,2.5589188059467975,3.852042835343952,-1.2931240293971547,target,20,2040,reverse_path|rb=True|bps=10.0|frac=True
2026-07-16,2026-07-16T14:39:00+00:00,2026-07-16T16:15:00+00:00,753.84,751.93,2.5515345885593828,-4.87343106414863,3.8420242374150613,-8.71545530156369,trailing_stop,22,5760,reverse_path|rb=True|bps=10.0|frac=True
2026-07-16,2026-07-16T16:20:00+00:00,2026-07-16T16:55:00+00:00,751.85,752.85,2.54669598847914,2.54669598847914,3.8320134538645623,-1.2853174653854222,target,23,2100,reverse_path|rb=True|bps=10.0|frac=True
2026-07-16,2026-07-16T17:00:00+00:00,2026-07-16T18:40:00+00:00,752.37,750.27,2.543227483116892,-5.340777714545531,3.8215553452307662,-9.162333059776298,trailing_stop,24,6000,reverse_path|rb=True|bps=10.0|frac=True
2026-07-16,2026-07-16T19:07:00+00:00,2026-07-16T19:55:00+00:00,750.02,750.41,2.5389799317523267,0.9902021733833728,3.8095616589991432,-2.81935948561577,end_of_day,25,2880,reverse_path|rb=True|bps=10.0|frac=True
2026-07-17,2026-07-17T13:35:00+00:00,2026-07-17T13:40:00+00:00,740.83,741.83,2.566670314278936,2.566670314278936,3.805499408168807,-1.238829093889871,target,26,300,reverse_path|rb=True|bps=10.0|frac=True
2026-07-17,2026-07-17T14:20:00+00:00,2026-07-17T15:00:00+00:00,746.37,744.59,2.5459591621225055,-4.53180730857799,3.795923272358171,-8.327730580936162,trailing_stop,33,2400,reverse_path|rb=True|bps=10.0|frac=True
2026-07-17,2026-07-17T15:11:00+00:00,2026-07-17T15:29:00+00:00,744.38,745.38,2.5415779699245524,2.5415779699245524,3.786341196474801,-1.2447632265502486,target,35,1080,reverse_path|rb=True|bps=10.0|frac=True
2026-07-17,2026-07-17T15:32:00+00:00,2026-07-17T15:54:00+00:00,744.94,745.94,2.5379964104839154,2.5379964104839154,3.78384808846226,-1.2458516779783446,target,36,1320,reverse_path|rb=True|bps=10.0|frac=True
2026-07-17,2026-07-17T16:01:00+00:00,2026-07-17T16:01:00+00:00,745.99,746.99,2.5327540507887636,2.5327540507887636,3.781351142746608,-1.2485970919578446,target,37,0,reverse_path|rb=True|bps=10.0|frac=True
2026-07-17,2026-07-17T16:01:00+00:00,2026-07-17T16:48:00+00:00,745.99,746.99,2.531080305709127,2.531080305709127,3.7788522748176123,-1.2477719691084852,target,37,2820,reverse_path|rb=True|bps=10.0|frac=True
2026-07-17,2026-07-17T17:20:00+00:00,2026-07-17T17:28:00+00:00,745.99,746.99,2.5294076667071184,2.5294076667071184,3.7763550582403935,-1.2469473915332752,target,37,480,reverse_path|rb=True|bps=10.0|frac=True
2026-07-17,2026-07-17T17:36:00+00:00,2026-07-17T18:15:00+00:00,745.99,743.65,2.527736133051797,-5.914902551341286,3.765416853239279,-9.680319404580565,trailing_stop,37,2340,reverse_path|rb=True|bps=10.0|frac=True
2026-07-17,2026-07-17T18:43:00+00:00,2026-07-17T18:49:00+00:00,743.23,744.23,2.5240982717203684,2.5240982717203684,3.754495215253179,-1.2303969435328108,target,38,360,reverse_path|rb=True|bps=10.0|frac=True
2026-07-17,2026-07-17T19:03:00+00:00,2026-07-17T19:55:00+00:00,743.75,744.03,2.5206792088029535,0.7057901784647582,3.7502161132728578,-3.0444259348080998,end_of_day,39,3120,reverse_path|rb=True|bps=10.0|frac=True
2026-07-17,2026-07-17T19:59:00+00:00,2026-07-17T19:59:00+00:00,743.75,743.16,2.5165858630082534,-1.4847856591749495,3.7419366855656016,-5.226722344740551,end_of_day,39,0,reverse_path|rb=True|bps=10.0|frac=True
2026-07-13,2026-07-13T13:40:00+00:00,2026-07-13T14:00:00+00:00,752.77,753.77,2.0,2.0,3.01308,-1.01308,target,1,1200,reverse_path|rb=True|bps=10.0|frac=False
2026-07-13,2026-07-13T14:02:00+00:00,2026-07-13T14:16:00+00:00,752.77,750.84,2.0,-3.8599999999999,3.0072200000000002,-6.8672199999999,trailing_stop,1,840,reverse_path|rb=True|bps=10.0|frac=False
2026-07-13,2026-07-13T14:16:00+00:00,2026-07-13T16:23:00+00:00,752.77,750.66,2.0,-4.220000000000027,3.0068599999999996,-7.226860000000027,trailing_stop,1,7620,reverse_path|rb=True|bps=10.0|frac=False
2026-07-13,2026-07-13T16:26:00+00:00,2026-07-13T19:38:00+00:00,750.25,748.03,2.0,-4.440000000000055,2.9965599999999997,-7.436560000000054,trailing_stop,2,11520,reverse_path|rb=True|bps=10.0|frac=False
2026-07-14,2026-07-14T13:42:00+00:00,2026-07-14T13:45:00+00:00,750.68,751.68,2.0,2.0,3.00472,-1.0047199999999998,target,6,180,reverse_path|rb=True|bps=10.0|frac=False
2026-07-14,2026-07-14T13:47:00+00:00,2026-07-14T14:16:00+00:00,750.68,748.97,2.0,-3.4199999999998454,2.9993,-6.419299999999845,trailing_stop,6,1740,reverse_path|rb=True|bps=10.0|frac=False
2026-07-14,2026-07-14T14:46:00+00:00,2026-07-14T14:58:00+00:00,750.94,751.94,2.0,2.0,3.0057600000000004,-1.0057600000000004,target,10,720,reverse_path|rb=True|bps=10.0|frac=False
2026-07-14,2026-07-14T15:18:00+00:00,2026-07-14T16:02:00+00:00,752.01,750.26,2.0,-3.5,3.00454,-6.50454,trailing_stop,11,2640,reverse_path|rb=True|bps=10.0|frac=False
2026-07-14,2026-07-14T16:46:00+00:00,2026-07-14T17:09:00+00:00,751.18,752.18,2.0,2.0,3.0067199999999996,-1.0067199999999996,target,14,1380,reverse_path|rb=True|bps=10.0|frac=False
2026-07-14,2026-07-14T17:35:00+00:00,2026-07-14T19:55:00+00:00,751.99,752.1,2.0,0.22000000000002728,3.0081800000000003,-2.788179999999973,end_of_day,15,8400,reverse_path|rb=True|bps=10.0|frac=False
2026-07-14,2026-07-14T19:59:00+00:00,2026-07-14T19:59:00+00:00,751.99,751.87,2.0,-0.2400000000000091,3.0077200000000004,-3.2477200000000095,end_of_day,15,0,reverse_path|rb=True|bps=10.0|frac=False
2026-07-15,2026-07-15T13:38:00+00:00,2026-07-15T14:19:00+00:00,754.53,755.53,2.0,2.0,3.02012,-1.02012,target,16,2460,reverse_path|rb=True|bps=10.0|frac=False
2026-07-15,2026-07-15T14:23:00+00:00,2026-07-15T15:17:00+00:00,754.53,752.23,2.0,-4.599999999999909,3.01352,-7.613519999999909,trailing_stop,16,3240,reverse_path|rb=True|bps=10.0|frac=False
2026-07-15,2026-07-15T15:22:00+00:00,2026-07-15T15:33:00+00:00,752.77,753.77,2.0,2.0,3.01308,-1.01308,target,17,660,reverse_path|rb=True|bps=10.0|frac=False
2026-07-15,2026-07-15T15:50:00+00:00,2026-07-15T17:46:00+00:00,752.77,753.77,2.0,2.0,3.01308,-1.01308,target,17,6960,reverse_path|rb=True|bps=10.0|frac=False
2026-07-15,2026-07-15T18:44:00+00:00,2026-07-15T19:55:00+00:00,754.15,754.45,2.0,0.6000000000001364,3.0172,-2.4171999999998635,end_of_day,19,4260,reverse_path|rb=True|bps=10.0|frac=False
2026-07-16,2026-07-16T13:34:00+00:00,2026-07-16T14:08:00+00:00,752.17,753.17,2.0,2.0,3.01068,-1.0106799999999998,target,20,2040,reverse_path|rb=True|bps=10.0|frac=False
2026-07-16,2026-07-16T14:39:00+00:00,2026-07-16T16:15:00+00:00,753.84,751.93,2.0,-3.8200000000001637,3.01154,-6.831540000000164,trailing_stop,22,5760,reverse_path|rb=True|bps=10.0|frac=False
2026-07-16,2026-07-16T16:20:00+00:00,2026-07-16T16:55:00+00:00,751.85,752.85,2.0,2.0,3.0094,-1.0093999999999999,target,23,2100,reverse_path|rb=True|bps=10.0|frac=False
2026-07-16,2026-07-16T17:00:00+00:00,2026-07-16T18:40:00+00:00,752.37,750.27,2.0,-4.2000000000000455,3.0052799999999995,-7.2052800000000445,trailing_stop,24,6000,reverse_path|rb=True|bps=10.0|frac=False
2026-07-16,2026-07-16T19:07:00+00:00,2026-07-16T19:55:00+00:00,750.02,750.41,2.0,0.7799999999999727,3.00086,-2.220860000000027,end_of_day,25,2880,reverse_path|rb=True|bps=10.0|frac=False
2026-07-17,2026-07-17T13:35:00+00:00,2026-07-17T13:40:00+00:00,740.83,741.83,2.0,2.0,2.96532,-0.9653200000000002,target,26,300,reverse_path|rb=True|bps=10.0|frac=False
2026-07-17,2026-07-17T14:20:00+00:00,2026-07-17T15:00:00+00:00,746.37,744.59,2.0,-3.5599999999999454,2.98192,-6.541919999999946,trailing_stop,33,2400,reverse_path|rb=True|bps=10.0|frac=False
2026-07-17,2026-07-17T15:11:00+00:00,2026-07-17T15:29:00+00:00,744.38,745.38,2.0,2.0,2.97952,-0.97952,target,35,1080,reverse_path|rb=True|bps=10.0|frac=False
2026-07-17,2026-07-17T15:32:00+00:00,2026-07-17T15:54:00+00:00,744.94,745.94,2.0,2.0,2.9817600000000004,-0.9817600000000004,target,36,1320,reverse_path|rb=True|bps=10.0|frac=False
2026-07-17,2026-07-17T16:01:00+00:00,2026-07-17T16:01:00+00:00,745.99,746.99,2.0,2.0,2.98596,-0.98596,target,37,0,reverse_path|rb=True|bps=10.0|frac=False
2026-07-17,2026-07-17T16:01:00+00:00,2026-07-17T16:48:00+00:00,745.99,746.99,2.0,2.0,2.98596,-0.98596,target,37,2820,reverse_path|rb=True|bps=10.0|frac=False
2026-07-17,2026-07-17T17:20:00+00:00,2026-07-17T17:28:00+00:00,745.99,746.99,2.0,2.0,2.98596,-0.98596,target,37,480,reverse_path|rb=True|bps=10.0|frac=False
2026-07-17,2026-07-17T17:36:00+00:00,2026-07-17T18:15:00+00:00,745.99,743.65,2.0,-4.680000000000064,2.9792799999999997,-7.659280000000063,trailing_stop,37,2340,reverse_path|rb=True|bps=10.0|frac=False
2026-07-17,2026-07-17T18:43:00+00:00,2026-07-17T18:49:00+00:00,743.23,744.23,2.0,2.0,2.97492,-0.97492,target,38,360,reverse_path|rb=True|bps=10.0|frac=False
2026-07-17,2026-07-17T19:03:00+00:00,2026-07-17T19:55:00+00:00,743.75,744.03,2.0,0.5599999999999454,2.9755599999999998,-2.4155600000000543,end_of_day,39,3120,reverse_path|rb=True|bps=10.0|frac=False
2026-07-17,2026-07-17T19:59:00+00:00,2026-07-17T19:59:00+00:00,743.75,743.16,2.0,-1.1800000000000637,2.97382,-4.153820000000064,end_of_day,39,0,reverse_path|rb=True|bps=10.0|frac=False
2026-07-13,2026-07-13T13:51:00+00:00,2026-07-13T13:55:00+00:00,751.97,752.97,2.6596805723632593,2.6596805723632593,0.0,2.6596805723632593,target,0,240,reverse_path|rb=False|bps=0.0|frac=True
2026-07-13,2026-07-13T14:16:00+00:00,2026-07-13T14:16:00+00:00,751.97,752.97,2.6632175227367623,2.6632175227367623,0.0,2.6632175227367623,target,0,0,reverse_path|rb=False|bps=0.0|frac=True
2026-07-13,2026-07-13T14:16:00+00:00,2026-07-13T14:26:00+00:00,751.97,752.97,2.666759176689362,2.666759176689362,0.0,2.666759176689362,target,0,600,reverse_path|rb=False|bps=0.0|frac=True
2026-07-13,2026-07-13T14:37:00+00:00,2026-07-13T15:00:00+00:00,751.97,752.97,2.6703055404760683,2.6703055404760683,0.0,2.6703055404760683,target,0,1380,reverse_path|rb=False|bps=0.0|frac=True
2026-07-13,2026-07-13T15:13:00+00:00,2026-07-13T16:29:00+00:00,751.97,749.93,2.6738566203602074,-5.4546675055350295,0.0,-5.4546675055350295,trailing_stop,0,4560,reverse_path|rb=False|bps=0.0|frac=True
2026-07-14,2026-07-14T14:34:00+00:00,2026-07-14T15:04:00+00:00,751.97,752.97,2.666602783763621,2.666602783763621,0.0,2.666602783763621,target,0,1800,reverse_path|rb=False|bps=0.0|frac=True
2026-07-14,2026-07-14T15:04:00+00:00,2026-07-14T15:08:00+00:00,751.97,752.97,2.670148939572714,2.670148939572714,0.0,2.670148939572714,target,0,240,reverse_path|rb=False|bps=0.0|frac=True
2026-07-14,2026-07-14T15:18:00+00:00,2026-07-14T16:02:00+00:00,751.97,750.26,2.673699811202663,-4.572026677156651,0.0,-4.572026677156651,trailing_stop,0,2640,reverse_path|rb=False|bps=0.0|frac=True
2026-07-14,2026-07-14T17:00:00+00:00,2026-07-14T19:55:00+00:00,751.97,752.1,2.6676197459378828,0.34679056697191263,0.0,0.34679056697191263,end_of_day,0,10500,reverse_path|rb=False|bps=0.0|frac=True
2026-07-14,2026-07-14T19:59:00+00:00,2026-07-14T19:59:00+00:00,751.97,751.87,2.66808092200471,-0.2668080922005317,0.0,-0.2668080922005317,end_of_day,0,0,reverse_path|rb=False|bps=0.0|frac=True
2026-07-15,2026-07-15T16:03:00+00:00,2026-07-15T17:30:00+00:00,751.97,752.97,2.6677261098550225,2.6677261098550225,0.0,2.6677261098550225,target,0,5220,reverse_path|rb=False|bps=0.0|frac=True
2026-07-16,2026-07-16T13:35:00+00:00,2026-07-16T14:05:00+00:00,751.97,752.97,2.671273759508406,2.671273759508406,0.0,2.671273759508406,target,0,1800,reverse_path|rb=False|bps=0.0|frac=True
2026-07-16,2026-07-16T16:13:00+00:00,2026-07-16T18:40:00+00:00,751.97,750.33,2.6748261269692204,-4.386714848229485,0.0,-4.386714848229485,trailing_stop,0,8820,reverse_path|rb=False|bps=0.0|frac=True
2026-07-13,2026-07-13T13:51:00+00:00,2026-07-13T13:55:00+00:00,751.97,752.97,2.0,2.0,0.0,2.0,target,0,240,reverse_path|rb=False|bps=0.0|frac=False
2026-07-13,2026-07-13T14:16:00+00:00,2026-07-13T14:16:00+00:00,751.97,752.97,2.0,2.0,0.0,2.0,target,0,0,reverse_path|rb=False|bps=0.0|frac=False
2026-07-13,2026-07-13T14:16:00+00:00,2026-07-13T14:26:00+00:00,751.97,752.97,2.0,2.0,0.0,2.0,target,0,600,reverse_path|rb=False|bps=0.0|frac=False
2026-07-13,2026-07-13T14:37:00+00:00,2026-07-13T15:00:00+00:00,751.97,752.97,2.0,2.0,0.0,2.0,target,0,1380,reverse_path|rb=False|bps=0.0|frac=False
2026-07-13,2026-07-13T15:13:00+00:00,2026-07-13T16:29:00+00:00,751.97,749.93,2.0,-4.080000000000155,0.0,-4.080000000000155,trailing_stop,0,4560,reverse_path|rb=False|bps=0.0|frac=False
2026-07-14,2026-07-14T14:34:00+00:00,2026-07-14T15:04:00+00:00,751.97,752.97,2.0,2.0,0.0,2.0,target,0,1800,reverse_path|rb=False|bps=0.0|frac=False
2026-07-14,2026-07-14T15:04:00+00:00,2026-07-14T15:08:00+00:00,751.97,752.97,2.0,2.0,0.0,2.0,target,0,240,reverse_path|rb=False|bps=0.0|frac=False
2026-07-14,2026-07-14T15:18:00+00:00,2026-07-14T16:02:00+00:00,751.97,750.26,2.0,-3.4200000000000728,0.0,-3.4200000000000728,trailing_stop,0,2640,reverse_path|rb=False|bps=0.0|frac=False
2026-07-14,2026-07-14T17:00:00+00:00,2026-07-14T19:55:00+00:00,751.97,752.1,2.0,0.2599999999999909,0.0,0.2599999999999909,end_of_day,0,10500,reverse_path|rb=False|bps=0.0|frac=False
2026-07-14,2026-07-14T19:59:00+00:00,2026-07-14T19:59:00+00:00,751.97,751.87,2.0,-0.20000000000004547,0.0,-0.20000000000004547,end_of_day,0,0,reverse_path|rb=False|bps=0.0|frac=False
2026-07-15,2026-07-15T16:03:00+00:00,2026-07-15T17:30:00+00:00,751.97,752.97,2.0,2.0,0.0,2.0,target,0,5220,reverse_path|rb=False|bps=0.0|frac=False
2026-07-16,2026-07-16T13:35:00+00:00,2026-07-16T14:05:00+00:00,751.97,752.97,2.0,2.0,0.0,2.0,target,0,1800,reverse_path|rb=False|bps=0.0|frac=False
2026-07-16,2026-07-16T16:13:00+00:00,2026-07-16T18:40:00+00:00,751.97,750.33,2.0,-3.2799999999999727,0.0,-3.2799999999999727,trailing_stop,0,8820,reverse_path|rb=False|bps=0.0|frac=False
2026-07-13,2026-07-13T13:51:00+00:00,2026-07-13T13:55:00+00:00,751.97,752.97,2.6596805723632593,2.6596805723632593,0.40026596805723635,2.259414604306023,target,0,240,reverse_path|rb=False|bps=1.0|frac=True
2026-07-13,2026-07-13T14:16:00+00:00,2026-07-13T14:16:00+00:00,751.97,752.97,2.6626852329272523,2.6626852329272523,0.4007181514441539,2.2619670814830983,target,0,0,reverse_path|rb=False|bps=1.0|frac=True
2026-07-13,2026-07-13T14:16:00+00:00,2026-07-13T14:26:00+00:00,751.97,752.97,2.6656932878782253,2.6656932878782253,0.4011708456659457,2.2645224422122796,target,0,600,reverse_path|rb=False|bps=1.0|frac=True
2026-07-13,2026-07-13T14:37:00+00:00,2026-07-13T15:00:00+00:00,751.97,752.97,2.6687047410508415,2.6687047410508415,0.40162405129970535,2.267080689751136,target,0,1380,reverse_path|rb=False|bps=1.0|frac=True
2026-07-13,2026-07-13T15:13:00+00:00,2026-07-13T16:29:00+00:00,751.97,749.93,2.671719596284097,-5.450307976419765,0.4012655661659086,-5.851573542585673,trailing_stop,0,4560,reverse_path|rb=False|bps=1.0|frac=True
2026-07-14,2026-07-14T14:34:00+00:00,2026-07-14T15:04:00+00:00,751.97,752.97,2.663937938049612,2.663937938049612,0.40090667604883834,2.2630312620007738,target,0,1800,reverse_path|rb=False|bps=1.0|frac=True
2026-07-14,2026-07-14T15:04:00+00:00,2026-07-14T15:08:00+00:00,751.97,752.97,2.666947408190709,2.666947408190709,0.4013595832482526,2.2655878249424566,target,0,240,reverse_path|rb=False|bps=1.0|frac=True
2026-07-14,2026-07-14T15:18:00+00:00,2026-07-14T16:02:00+00:00,751.97,750.26,2.6699602781522005,-4.56563207564036,0.40108944286485804,-4.966721518505218,trailing_stop,0,2640,reverse_path|rb=False|bps=1.0|frac=True
2026-07-14,2026-07-14T17:00:00+00:00,2026-07-14T19:55:00+00:00,751.97,752.1,2.663355331786647,0.346236193132252,0.4005872853880343,-0.054351092255782274,end_of_day,0,10500,reverse_path|rb=False|bps=1.0|frac=True
2026-07-14,2026-07-14T19:59:00+00:00,2026-07-14T19:59:00+00:00,751.97,751.87,2.6632830535145673,-0.2663283053515173,0.40051515871973475,-0.6668434640712521,end_of_day,0,0,reverse_path|rb=False|bps=1.0|frac=True
2026-07-15,2026-07-15T16:03:00+00:00,2026-07-15T17:30:00+00:00,751.97,752.97,2.6623962582114684,2.6623962582114684,0.4006746624832767,2.2617215957281918,target,0,5220,reverse_path|rb=False|bps=1.0|frac=True
2026-07-16,2026-07-16T13:35:00+00:00,2026-07-16T14:05:00+00:00,751.97,752.97,2.665403986705595,2.665403986705595,0.4011273075752718,2.2642766791303233,target,0,1800,reverse_path|rb=False|bps=1.0|frac=True
2026-07-16,2026-07-16T16:13:00+00:00,2026-07-16T18:40:00+00:00,751.97,750.33,2.6684151130525637,-4.376200785406168,0.4008760024338867,-4.7770767878400555,trailing_stop,0,8820,reverse_path|rb=False|bps=1.0|frac=True
2026-07-13,2026-07-13T13:51:00+00:00,2026-07-13T13:55:00+00:00,751.97,752.97,2.0,2.0,0.30098800000000003,1.699012,target,0,240,reverse_path|rb=False|bps=1.0|frac=False
2026-07-13,2026-07-13T14:16:00+00:00,2026-07-13T14:16:00+00:00,751.97,752.97,2.0,2.0,0.30098800000000003,1.699012,target,0,0,reverse_path|rb=False|bps=1.0|frac=False
2026-07-13,2026-07-13T14:16:00+00:00,2026-07-13T14:26:00+00:00,751.97,752.97,2.0,2.0,0.30098800000000003,1.699012,target,0,600,reverse_path|rb=False|bps=1.0|frac=False
2026-07-13,2026-07-13T14:37:00+00:00,2026-07-13T15:00:00+00:00,751.97,752.97,2.0,2.0,0.30098800000000003,1.699012,target,0,1380,reverse_path|rb=False|bps=1.0|frac=False
2026-07-13,2026-07-13T15:13:00+00:00,2026-07-13T16:29:00+00:00,751.97,749.93,2.0,-4.080000000000155,0.30038000000000004,-4.380380000000154,trailing_stop,0,4560,reverse_path|rb=False|bps=1.0|frac=False
2026-07-14,2026-07-14T14:34:00+00:00,2026-07-14T15:04:00+00:00,751.97,752.97,2.0,2.0,0.30098800000000003,1.699012,target,0,1800,reverse_path|rb=False|bps=1.0|frac=False
2026-07-14,2026-07-14T15:04:00+00:00,2026-07-14T15:08:00+00:00,751.97,752.97,2.0,2.0,0.30098800000000003,1.699012,target,0,240,reverse_path|rb=False|bps=1.0|frac=False
2026-07-14,2026-07-14T15:18:00+00:00,2026-07-14T16:02:00+00:00,751.97,750.26,2.0,-3.4200000000000728,0.300446,-3.7204460000000728,trailing_stop,0,2640,reverse_path|rb=False|bps=1.0|frac=False
2026-07-14,2026-07-14T17:00:00+00:00,2026-07-14T19:55:00+00:00,751.97,752.1,2.0,0.2599999999999909,0.300814,-0.04081400000000912,end_of_day,0,10500,reverse_path|rb=False|bps=1.0|frac=False
2026-07-14,2026-07-14T19:59:00+00:00,2026-07-14T19:59:00+00:00,751.97,751.87,2.0,-0.20000000000004547,0.30076800000000004,-0.5007680000000455,end_of_day,0,0,reverse_path|rb=False|bps=1.0|frac=False
2026-07-15,2026-07-15T16:03:00+00:00,2026-07-15T17:30:00+00:00,751.97,752.97,2.0,2.0,0.30098800000000003,1.699012,target,0,5220,reverse_path|rb=False|bps=1.0|frac=False
2026-07-16,2026-07-16T13:35:00+00:00,2026-07-16T14:05:00+00:00,751.97,752.97,2.0,2.0,0.30098800000000003,1.699012,target,0,1800,reverse_path|rb=False|bps=1.0|frac=False
2026-07-16,2026-07-16T16:13:00+00:00,2026-07-16T18:40:00+00:00,751.97,750.33,2.0,-3.2799999999999727,0.30046000000000006,-3.580459999999973,trailing_stop,0,8820,reverse_path|rb=False|bps=1.0|frac=False
2026-07-13,2026-07-13T13:51:00+00:00,2026-07-13T13:55:00+00:00,751.97,752.97,2.6596805723632593,2.6596805723632593,0.8005319361144727,1.8591486362487866,target,0,240,reverse_path|rb=False|bps=2.0|frac=True
2026-07-13,2026-07-13T14:16:00+00:00,2026-07-13T14:16:00+00:00,751.97,752.97,2.6621529431177424,2.6621529431177424,0.8012760900431231,1.8608768530746194,target,0,0,reverse_path|rb=False|bps=2.0|frac=True
2026-07-13,2026-07-13T14:16:00+00:00,2026-07-13T14:26:00+00:00,751.97,752.97,2.6646276121245838,2.6646276121245838,0.8020209357181542,1.8626066764064295,target,0,600,reverse_path|rb=False|bps=2.0|frac=True
2026-07-13,2026-07-13T14:37:00+00:00,2026-07-13T15:00:00+00:00,751.97,752.97,2.66710458152018,2.66710458152018,0.802766473782596,1.8643381077375842,target,0,1380,reverse_path|rb=False|bps=2.0|frac=True
2026-07-13,2026-07-13T15:13:00+00:00,2026-07-13T16:29:00+00:00,751.97,749.93,2.669583853442913,-5.445951061023749,0.8018895978971823,-6.247840658920931,trailing_stop,0,4560,reverse_path|rb=False|bps=2.0|frac=True
2026-07-14,2026-07-14T14:34:00+00:00,2026-07-14T15:04:00+00:00,751.97,752.97,2.6612752232330363,2.6612752232330363,0.8010119068904652,1.860263316342571,target,0,1800,reverse_path|rb=False|bps=2.0|frac=True
2026-07-14,2026-07-14T15:04:00+00:00,2026-07-14T15:08:00+00:00,751.97,752.97,2.663749076334015,2.663749076334015,0.8017565069876225,1.8619925693463923,target,0,240,reverse_path|rb=False|bps=2.0|frac=True
2026-07-14,2026-07-14T15:18:00+00:00,2026-07-14T16:02:00+00:00,751.97,750.26,2.666225229065302,-4.559245141701764,0.8010567051717538,-5.360301846873518,trailing_stop,0,2640,reverse_path|rb=False|bps=2.0|frac=True
2026-07-14,2026-07-14T17:00:00+00:00,2026-07-14T19:55:00+00:00,751.97,752.1,2.6590968837232363,0.3456825948840086,0.7998935699803217,-0.4542109750963131,end_of_day,0,10500,reverse_path|rb=False|bps=2.0|frac=True
2026-07-14,2026-07-14T19:59:00+00:00,2026-07-14T19:59:00+00:00,751.97,751.87,2.6584928556701275,-0.2658492855670732,0.7995895792141929,-1.065438864781266,end_of_day,0,0,reverse_path|rb=False|bps=2.0|frac=True
2026-07-15,2026-07-15T16:03:00+00:00,2026-07-15T17:30:00+00:00,751.97,752.97,2.657075992145278,2.657075992145278,0.7997479887238229,1.857328003421455,target,0,5220,reverse_path|rb=False|bps=2.0|frac=True
2026-07-16,2026-07-16T13:35:00+00:00,2026-07-16T14:05:00+00:00,751.97,752.97,2.6595459417488807,2.6595459417488807,0.8004914139151121,1.8590545278337687,target,0,1800,reverse_path|rb=False|bps=2.0|frac=True
2026-07-16,2026-07-16T16:13:00+00:00,2026-07-16T18:40:00+00:00,751.97,750.33,2.662018187354202,-4.365709827260855,0.7998299845724437,-5.165539811833299,trailing_stop,0,8820,reverse_path|rb=False|bps=2.0|frac=True
2026-07-13,2026-07-13T13:51:00+00:00,2026-07-13T13:55:00+00:00,751.97,752.97,2.0,2.0,0.6019760000000001,1.398024,target,0,240,reverse_path|rb=False|bps=2.0|frac=False
2026-07-13,2026-07-13T14:16:00+00:00,2026-07-13T14:16:00+00:00,751.97,752.97,2.0,2.0,0.6019760000000001,1.398024,target,0,0,reverse_path|rb=False|bps=2.0|frac=False
2026-07-13,2026-07-13T14:16:00+00:00,2026-07-13T14:26:00+00:00,751.97,752.97,2.0,2.0,0.6019760000000001,1.398024,target,0,600,reverse_path|rb=False|bps=2.0|frac=False
2026-07-13,2026-07-13T14:37:00+00:00,2026-07-13T15:00:00+00:00,751.97,752.97,2.0,2.0,0.6019760000000001,1.398024,target,0,1380,reverse_path|rb=False|bps=2.0|frac=False
2026-07-13,2026-07-13T15:13:00+00:00,2026-07-13T16:29:00+00:00,751.97,749.93,2.0,-4.080000000000155,0.6007600000000001,-4.680760000000155,trailing_stop,0,4560,reverse_path|rb=False|bps=2.0|frac=False
2026-07-14,2026-07-14T14:34:00+00:00,2026-07-14T15:04:00+00:00,751.97,752.97,2.0,2.0,0.6019760000000001,1.398024,target,0,1800,reverse_path|rb=False|bps=2.0|frac=False
2026-07-14,2026-07-14T15:04:00+00:00,2026-07-14T15:08:00+00:00,751.97,752.97,2.0,2.0,0.6019760000000001,1.398024,target,0,240,reverse_path|rb=False|bps=2.0|frac=False
2026-07-14,2026-07-14T15:18:00+00:00,2026-07-14T16:02:00+00:00,751.97,750.26,2.0,-3.4200000000000728,0.600892,-4.020892000000073,trailing_stop,0,2640,reverse_path|rb=False|bps=2.0|frac=False
2026-07-14,2026-07-14T17:00:00+00:00,2026-07-14T19:55:00+00:00,751.97,752.1,2.0,0.2599999999999909,0.601628,-0.34162800000000915,end_of_day,0,10500,reverse_path|rb=False|bps=2.0|frac=False
2026-07-14,2026-07-14T19:59:00+00:00,2026-07-14T19:59:00+00:00,751.97,751.87,2.0,-0.20000000000004547,0.6015360000000001,-0.8015360000000455,end_of_day,0,0,reverse_path|rb=False|bps=2.0|frac=False
2026-07-15,2026-07-15T16:03:00+00:00,2026-07-15T17:30:00+00:00,751.97,752.97,2.0,2.0,0.6019760000000001,1.398024,target,0,5220,reverse_path|rb=False|bps=2.0|frac=False
2026-07-16,2026-07-16T13:35:00+00:00,2026-07-16T14:05:00+00:00,751.97,752.97,2.0,2.0,0.6019760000000001,1.398024,target,0,1800,reverse_path|rb=False|bps=2.0|frac=False
2026-07-16,2026-07-16T16:13:00+00:00,2026-07-16T18:40:00+00:00,751.97,750.33,2.0,-3.2799999999999727,0.6009200000000001,-3.880919999999973,trailing_stop,0,8820,reverse_path|rb=False|bps=2.0|frac=False
2026-07-13,2026-07-13T13:51:00+00:00,2026-07-13T13:55:00+00:00,751.97,752.97,2.6596805723632593,2.6596805723632593,2.0013298402861817,0.6583507320770776,target,0,240,reverse_path|rb=False|bps=5.0|frac=True
2026-07-13,2026-07-13T14:16:00+00:00,2026-07-13T14:16:00+00:00,751.97,752.97,2.660556073689212,2.660556073689212,2.0019886287689217,0.6585674449202905,target,0,0,reverse_path|rb=False|bps=5.0|frac=True
2026-07-13,2026-07-13T14:16:00+00:00,2026-07-13T14:26:00+00:00,751.97,752.97,2.6614318632086347,2.6614318632086347,2.0026476341086012,0.6587842291000334,target,0,600,reverse_path|rb=False|bps=5.0|frac=True
2026-07-13,2026-07-13T14:37:00+00:00,2026-07-13T15:00:00+00:00,751.97,752.97,2.6623079410163935,2.6623079410163935,2.003306856376606,0.6590010846397876,target,0,1380,reverse_path|rb=False|bps=5.0|frac=True
2026-07-13,2026-07-13T15:13:00+00:00,2026-07-13T16:29:00+00:00,751.97,749.93,2.6631843072073846,-5.4328959867032705,1.9999182554973858,-7.4328142422006565,trailing_stop,0,4560,reverse_path|rb=False|bps=5.0|frac=True
2026-07-14,2026-07-14T14:34:00+00:00,2026-07-14T15:04:00+00:00,751.97,752.97,2.6532998513884016,2.6532998513884016,1.9965285391742305,0.6567713122141712,target,0,1800,reverse_path|rb=False|bps=5.0|frac=True
2026-07-14,2026-07-14T15:04:00+00:00,2026-07-14T15:08:00+00:00,751.97,752.97,2.6541732523381922,2.6541732523381922,1.9971857471869197,0.6569875051512726,target,0,240,reverse_path|rb=False|bps=5.0|frac=True
2026-07-14,2026-07-14T15:18:00+00:00,2026-07-14T16:02:00+00:00,751.97,750.26,2.6550469407900605,-4.5401302687511,1.9942455829315262,-6.5343758516826265,trailing_stop,0,2640,reverse_path|rb=False|bps=5.0|frac=True
2026-07-14,2026-07-14T17:00:00+00:00,2026-07-14T19:55:00+00:00,751.97,752.1,2.6463572645374405,0.34402644438985525,1.9901532854364143,-1.646126841046559,end_of_day,0,10500,reverse_path|rb=False|bps=5.0|frac=True
2026-07-14,2026-07-14T19:59:00+00:00,2026-07-14T19:59:00+00:00,751.97,751.87,2.644168178748052,-0.2644168178748653,1.9882029369642353,-2.2526197548391007,end_of_day,0,0,reverse_path|rb=False|bps=5.0|frac=True
2026-07-15,2026-07-15T16:03:00+00:00,2026-07-15T17:30:00+00:00,751.97,752.97,2.641172554248618,2.641172554248618,1.9874031118954578,0.6537694423531604,target,0,5220,reverse_path|rb=False|bps=5.0|frac=True
2026-07-16,2026-07-16T13:35:00+00:00,2026-07-16T14:05:00+00:00,751.97,752.97,2.6420419631909344,2.6420419631909344,1.9880573160422823,0.6539846471486521,target,0,1800,reverse_path|rb=False|bps=5.0|frac=True
2026-07-16,2026-07-16T16:13:00+00:00,2026-07-16T18:40:00+00:00,751.97,750.33,2.642911658321257,-4.334375119646825,1.985223092148012,-6.319598211794838,trailing_stop,0,8820,reverse_path|rb=False|bps=5.0|frac=True
2026-07-13,2026-07-13T13:51:00+00:00,2026-07-13T13:55:00+00:00,751.97,752.97,2.0,2.0,1.5049400000000002,0.49505999999999983,target,0,240,reverse_path|rb=False|bps=5.0|frac=False
2026-07-13,2026-07-13T14:16:00+00:00,2026-07-13T14:16:00+00:00,751.97,752.97,2.0,2.0,1.5049400000000002,0.49505999999999983,target,0,0,reverse_path|rb=False|bps=5.0|frac=False
2026-07-13,2026-07-13T14:16:00+00:00,2026-07-13T14:26:00+00:00,751.97,752.97,2.0,2.0,1.5049400000000002,0.49505999999999983,target,0,600,reverse_path|rb=False|bps=5.0|frac=False
2026-07-13,2026-07-13T14:37:00+00:00,2026-07-13T15:00:00+00:00,751.97,752.97,2.0,2.0,1.5049400000000002,0.49505999999999983,target,0,1380,reverse_path|rb=False|bps=5.0|frac=False
2026-07-13,2026-07-13T15:13:00+00:00,2026-07-13T16:29:00+00:00,751.97,749.93,2.0,-4.080000000000155,1.5019,-5.581900000000155,trailing_stop,0,4560,reverse_path|rb=False|bps=5.0|frac=False
2026-07-14,2026-07-14T14:34:00+00:00,2026-07-14T15:04:00+00:00,751.97,752.97,2.0,2.0,1.5049400000000002,0.49505999999999983,target,0,1800,reverse_path|rb=False|bps=5.0|frac=False
2026-07-14,2026-07-14T15:04:00+00:00,2026-07-14T15:08:00+00:00,751.97,752.97,2.0,2.0,1.5049400000000002,0.49505999999999983,target,0,240,reverse_path|rb=False|bps=5.0|frac=False
2026-07-14,2026-07-14T15:18:00+00:00,2026-07-14T16:02:00+00:00,751.97,750.26,2.0,-3.4200000000000728,1.50223,-4.922230000000073,trailing_stop,0,2640,reverse_path|rb=False|bps=5.0|frac=False
2026-07-14,2026-07-14T17:00:00+00:00,2026-07-14T19:55:00+00:00,751.97,752.1,2.0,0.2599999999999909,1.50407,-1.2440700000000091,end_of_day,0,10500,reverse_path|rb=False|bps=5.0|frac=False
2026-07-14,2026-07-14T19:59:00+00:00,2026-07-14T19:59:00+00:00,751.97,751.87,2.0,-0.20000000000004547,1.50384,-1.7038400000000455,end_of_day,0,0,reverse_path|rb=False|bps=5.0|frac=False
2026-07-15,2026-07-15T16:03:00+00:00,2026-07-15T17:30:00+00:00,751.97,752.97,2.0,2.0,1.5049400000000002,0.49505999999999983,target,0,5220,reverse_path|rb=False|bps=5.0|frac=False
2026-07-16,2026-07-16T13:35:00+00:00,2026-07-16T14:05:00+00:00,751.97,752.97,2.0,2.0,1.5049400000000002,0.49505999999999983,target,0,1800,reverse_path|rb=False|bps=5.0|frac=False
2026-07-16,2026-07-16T16:13:00+00:00,2026-07-16T18:40:00+00:00,751.97,750.33,2.0,-3.2799999999999727,1.5023000000000002,-4.782299999999973,trailing_stop,0,8820,reverse_path|rb=False|bps=5.0|frac=False
2026-07-13,2026-07-13T13:51:00+00:00,2026-07-13T13:55:00+00:00,751.97,752.97,2.6596805723632593,2.6596805723632593,4.002659680572363,-1.342979108209104,target,0,240,reverse_path|rb=False|bps=10.0|frac=True
2026-07-13,2026-07-13T14:16:00+00:00,2026-07-13T14:16:00+00:00,751.97,752.97,2.657894624641662,2.657894624641662,3.999971936408223,-1.3420773117665608,target,0,0,reverse_path|rb=False|bps=10.0|frac=True
2026-07-13,2026-07-13T14:16:00+00:00,2026-07-13T14:26:00+00:00,751.97,752.97,2.6561098761653046,2.6561098761653046,3.997285997036214,-1.3411761208709092,target,0,600,reverse_path|rb=False|bps=10.0|frac=True
2026-07-13,2026-07-13T14:37:00+00:00,2026-07-13T15:00:00+00:00,751.97,752.97,2.654326326128906,2.654326326128906,3.9946018612444356,-1.3402755351155298,target,0,1380,reverse_path|rb=False|bps=10.0|frac=True
2026-07-13,2026-07-13T15:13:00+00:00,2026-07-13T16:29:00+00:00,751.97,749.93,2.6525439737277257,-5.411189706404765,3.9838557941416717,-9.395045500546438,trailing_stop,0,4560,reverse_path|rb=False|bps=10.0|frac=True
2026-07-14,2026-07-14T14:34:00+00:00,2026-07-14T15:04:00+00:00,751.97,752.97,2.6400500637305893,2.6400500637305893,3.973116942910713,-1.333066879180124,target,0,1800,reverse_path|rb=False|bps=10.0|frac=True
2026-07-14,2026-07-14T15:04:00+00:00,2026-07-14T15:08:00+00:00,751.97,752.97,2.638277297690481,2.638277297690481,3.970449036386313,-1.3321717386958318,target,0,240,reverse_path|rb=False|bps=10.0|frac=True
2026-07-14,2026-07-14T15:18:00+00:00,2026-07-14T16:02:00+00:00,751.97,750.26,2.6365057220442507,-4.508424784695765,3.960637990826535,-8.4690627755223,trailing_stop,0,2640,reverse_path|rb=False|bps=10.0|frac=True
2026-07-14,2026-07-14T17:00:00+00:00,2026-07-14T19:55:00+00:00,751.97,752.1,2.62524322117916,0.3412816187532789,3.9485495716789396,-3.607267952925661,end_of_day,0,10500,reverse_path|rb=False|bps=10.0|frac=True
2026-07-14,2026-07-14T19:59:00+00:00,2026-07-14T19:59:00+00:00,751.97,751.87,2.6204461309323075,-0.26204461309329036,3.940731709541242,-4.2027763226345325,end_of_day,0,0,reverse_path|rb=False|bps=10.0|frac=True
2026-07-15,2026-07-15T16:03:00+00:00,2026-07-15T17:30:00+00:00,751.97,752.97,2.614857109664658,2.614857109664658,3.9352030586187308,-1.3203459489540728,target,0,5220,reverse_path|rb=False|bps=10.0|frac=True
2026-07-16,2026-07-16T13:35:00+00:00,2026-07-16T14:05:00+00:00,751.97,752.97,2.613101260430042,2.613101260430042,3.9325606108715876,-1.3194593504415457,target,0,1800,reverse_path|rb=False|bps=10.0|frac=True
2026-07-16,2026-07-16T16:13:00+00:00,2026-07-16T18:40:00+00:00,751.97,750.33,2.6113465902298456,-4.282608407976912,3.9230259825022977,-8.20563439047921,trailing_stop,0,8820,reverse_path|rb=False|bps=10.0|frac=True
2026-07-13,2026-07-13T13:51:00+00:00,2026-07-13T13:55:00+00:00,751.97,752.97,2.0,2.0,3.0098800000000003,-1.0098800000000003,target,0,240,reverse_path|rb=False|bps=10.0|frac=False
2026-07-13,2026-07-13T14:16:00+00:00,2026-07-13T14:16:00+00:00,751.97,752.97,2.0,2.0,3.0098800000000003,-1.0098800000000003,target,0,0,reverse_path|rb=False|bps=10.0|frac=False
2026-07-13,2026-07-13T14:16:00+00:00,2026-07-13T14:26:00+00:00,751.97,752.97,2.0,2.0,3.0098800000000003,-1.0098800000000003,target,0,600,reverse_path|rb=False|bps=10.0|frac=False
2026-07-13,2026-07-13T14:37:00+00:00,2026-07-13T15:00:00+00:00,751.97,752.97,2.0,2.0,3.0098800000000003,-1.0098800000000003,target,0,1380,reverse_path|rb=False|bps=10.0|frac=False
2026-07-13,2026-07-13T15:13:00+00:00,2026-07-13T16:29:00+00:00,751.97,749.93,2.0,-4.080000000000155,3.0038,-7.083800000000155,trailing_stop,0,4560,reverse_path|rb=False|bps=10.0|frac=False
2026-07-14,2026-07-14T14:34:00+00:00,2026-07-14T15:04:00+00:00,751.97,752.97,2.0,2.0,3.0098800000000003,-1.0098800000000003,target,0,1800,reverse_path|rb=False|bps=10.0|frac=False
2026-07-14,2026-07-14T15:04:00+00:00,2026-07-14T15:08:00+00:00,751.97,752.97,2.0,2.0,3.0098800000000003,-1.0098800000000003,target,0,240,reverse_path|rb=False|bps=10.0|frac=False
2026-07-14,2026-07-14T15:18:00+00:00,2026-07-14T16:02:00+00:00,751.97,750.26,2.0,-3.4200000000000728,3.00446,-6.424460000000073,trailing_stop,0,2640,reverse_path|rb=False|bps=10.0|frac=False
2026-07-14,2026-07-14T17:00:00+00:00,2026-07-14T19:55:00+00:00,751.97,752.1,2.0,0.2599999999999909,3.00814,-2.748140000000009,end_of_day,0,10500,reverse_path|rb=False|bps=10.0|frac=False
2026-07-14,2026-07-14T19:59:00+00:00,2026-07-14T19:59:00+00:00,751.97,751.87,2.0,-0.20000000000004547,3.00768,-3.2076800000000456,end_of_day,0,0,reverse_path|rb=False|bps=10.0|frac=False
2026-07-15,2026-07-15T16:03:00+00:00,2026-07-15T17:30:00+00:00,751.97,752.97,2.0,2.0,3.0098800000000003,-1.0098800000000003,target,0,5220,reverse_path|rb=False|bps=10.0|frac=False
2026-07-16,2026-07-16T13:35:00+00:00,2026-07-16T14:05:00+00:00,751.97,752.97,2.0,2.0,3.0098800000000003,-1.0098800000000003,target,0,1800,reverse_path|rb=False|bps=10.0|frac=False
2026-07-16,2026-07-16T16:13:00+00:00,2026-07-16T18:40:00+00:00,751.97,750.33,2.0,-3.2799999999999727,3.0046000000000004,-6.284599999999973,trailing_stop,0,8820,reverse_path|rb=False|bps=10.0|frac=False
2026-07-13,2026-07-13T13:43:00+00:00,2026-07-13T16:00:00+00:00,752.74,751.05,2.656959906475011,-4.490262241942914,0.0,-4.490262241942914,trailing_stop_sampled,1,8220,close_only|rb=True|bps=0.0|frac=True
2026-07-13,2026-07-13T16:01:00+00:00,2026-07-13T18:30:00+00:00,751.21,749.01,2.6563940013552227,-5.844066802981611,0.0,-5.844066802981611,trailing_stop_sampled,1,8940,close_only|rb=True|bps=0.0|frac=True
2026-07-13,2026-07-13T18:31:00+00:00,2026-07-13T19:55:00+00:00,749.37,749.38,2.6551178602760657,0.026551178602736508,0.0,0.026551178602736508,end_of_day,1,5040,close_only|rb=True|bps=0.0|frac=True
2026-07-13,2026-07-13T19:56:00+00:00,2026-07-13T19:56:00+00:00,749.37,749.37,2.6551532916098566,0.0,0.0,0.0,end_of_day,1,0,close_only|rb=True|bps=0.0|frac=True
2026-07-14,2026-07-14T14:02:00+00:00,2026-07-14T14:34:00+00:00,750.52,752.02,2.6510848773299553,3.976627315994933,0.0,3.976627315994933,target_sampled,4,1920,close_only|rb=True|bps=0.0|frac=True
2026-07-14,2026-07-14T14:43:00+00:00,2026-07-14T15:06:00+00:00,751.26,752.51,2.6537668043682254,3.3172085054602816,0.0,3.3172085054602816,target_sampled,5,1380,close_only|rb=True|bps=0.0|frac=True
2026-07-14,2026-07-14T15:18:00+00:00,2026-07-14T16:03:00+00:00,751.91,750.1,2.6558844249380025,-4.80715080913764,0.0,-4.80715080913764,trailing_stop_sampled,6,2700,close_only|rb=True|bps=0.0|frac=True
2026-07-14,2026-07-14T16:48:00+00:00,2026-07-14T17:10:00+00:00,751.08,752.18,2.6524190594157684,2.917660965357104,0.0,2.917660965357104,target_sampled,9,1320,close_only|rb=True|bps=0.0|frac=True
2026-07-14,2026-07-14T17:35:00+00:00,2026-07-14T19:55:00+00:00,751.9,752.1,2.6534067936046717,0.530681358721055,0.0,0.530681358721055,end_of_day,10,8400,close_only|rb=True|bps=0.0|frac=True
2026-07-14,2026-07-14T19:59:00+00:00,2026-07-14T19:59:00+00:00,751.87,751.87,2.6542184812136056,0.0,0.0,0.0,end_of_day,10,0,close_only|rb=True|bps=0.0|frac=True
2026-07-15,2026-07-15T13:41:00+00:00,2026-07-15T15:16:00+00:00,754.47,752.59,2.645071705263395,-4.97273480589517,0.0,-4.97273480589517,trailing_stop_sampled,11,5700,close_only|rb=True|bps=0.0|frac=True
2026-07-15,2026-07-15T15:22:00+00:00,2026-07-15T16:16:00+00:00,752.59,751.05,2.645071705263395,-4.073410426105832,0.0,-4.073410426105832,trailing_stop_sampled,13,3240,close_only|rb=True|bps=0.0|frac=True
2026-07-15,2026-07-15T16:24:00+00:00,2026-07-15T16:50:00+00:00,750.54,751.74,2.646869059927616,3.1762428719132596,0.0,3.1762428719132596,target_sampled,14,1560,close_only|rb=True|bps=0.0|frac=True
2026-07-15,2026-07-15T16:56:00+00:00,2026-07-15T17:07:00+00:00,751.13,752.3,2.649018608110428,3.0993517714890926,0.0,3.0993517714890926,target_sampled,15,660,close_only|rb=True|bps=0.0|frac=True
2026-07-15,2026-07-15T18:46:00+00:00,2026-07-15T19:55:00+00:00,753.52,754.45,2.644729667270245,2.4595985905614963,0.0,2.4595985905614963,end_of_day,19,4140,close_only|rb=True|bps=0.0|frac=True
2026-07-16,2026-07-16T13:30:00+00:00,2026-07-16T16:20:00+00:00,753.17,751.76,2.64922434174494,-3.7354063218602813,0.0,-3.7354063218602813,trailing_stop_sampled,19,10200,close_only|rb=True|bps=0.0|frac=True
2026-07-16,2026-07-16T16:21:00+00:00,2026-07-16T18:40:00+00:00,751.81,750.08,2.6490481519934246,-4.582853302948371,0.0,-4.582853302948371,trailing_stop_sampled,19,8340,close_only|rb=True|bps=0.0|frac=True
2026-07-16,2026-07-16T18:41:00+00:00,2026-07-16T19:47:00+00:00,750.19,748.26,2.648659723333059,-5.111913266032973,0.0,-5.111913266032973,trailing_stop_sampled,19,3960,close_only|rb=True|bps=0.0|frac=True
2026-07-16,2026-07-16T19:48:00+00:00,2026-07-16T19:55:00+00:00,748.08,750.41,2.6492970331798666,6.172862087308896,0.0,6.172862087308896,end_of_day,19,420,close_only|rb=True|bps=0.0|frac=True
2026-07-16,2026-07-16T19:56:00+00:00,2026-07-16T19:56:00+00:00,750.35,750.35,2.6495088780815665,0.0,0.0,0.0,end_of_day,19,0,close_only|rb=True|bps=0.0|frac=True
2026-07-17,2026-07-17T13:30:00+00:00,2026-07-17T15:03:00+00:00,742.35,744.23,2.6780615432996613,5.034755701403351,0.0,5.034755701403351,trailing_stop_sampled,20,5580,close_only|rb=True|bps=0.0|frac=True
2026-07-17,2026-07-17T15:11:00+00:00,2026-07-17T15:29:00+00:00,744.33,745.45,2.6777017483776104,2.9990259581829357,0.0,2.9990259581829357,target_sampled,22,1080,close_only|rb=True|bps=0.0|frac=True
2026-07-17,2026-07-17T15:35:00+00:00,2026-07-17T15:54:00+00:00,744.75,746.09,2.680218554317677,3.5914928627857727,0.0,3.5914928627857727,target_sampled,23,1140,close_only|rb=True|bps=0.0|frac=True
2026-07-17,2026-07-17T16:01:00+00:00,2026-07-17T16:51:00+00:00,745.86,747.18,2.6810450502652987,3.538979466350024,0.0,3.538979466350024,target_sampled,24,3000,close_only|rb=True|bps=0.0|frac=True
2026-07-17,2026-07-17T17:38:00+00:00,2026-07-17T18:27:00+00:00,745.94,743.39,2.685501837489913,-6.848029685599461,0.0,-6.848029685599461,trailing_stop_sampled,24,2940,close_only|rb=True|bps=0.0|frac=True
2026-07-17,2026-07-17T18:28:00+00:00,2026-07-17T19:55:00+00:00,743.53,744.03,2.684996181689544,1.342498090844772,0.0,1.342498090844772,end_of_day,24,5220,close_only|rb=True|bps=0.0|frac=True
2026-07-17,2026-07-17T19:56:00+00:00,2026-07-17T19:56:00+00:00,744.31,744.31,2.683986120114564,0.0,0.0,0.0,end_of_day,24,0,close_only|rb=True|bps=0.0|frac=True
2026-07-17,2026-07-17T19:59:00+00:00,2026-07-17T19:59:00+00:00,743.16,743.16,2.68813944381085,0.0,0.0,0.0,end_of_day,25,0,close_only|rb=True|bps=0.0|frac=True
2026-07-13,2026-07-13T13:43:00+00:00,2026-07-13T16:00:00+00:00,752.74,751.05,2.0,-3.380000000000109,0.0,-3.380000000000109,trailing_stop_sampled,1,8220,close_only|rb=True|bps=0.0|frac=False
2026-07-13,2026-07-13T16:01:00+00:00,2026-07-13T18:30:00+00:00,751.21,749.01,2.0,-4.400000000000091,0.0,-4.400000000000091,trailing_stop_sampled,1,8940,close_only|rb=True|bps=0.0|frac=False
2026-07-13,2026-07-13T18:31:00+00:00,2026-07-13T19:55:00+00:00,749.37,749.38,2.0,0.01999999999998181,0.0,0.01999999999998181,end_of_day,1,5040,close_only|rb=True|bps=0.0|frac=False
2026-07-13,2026-07-13T19:56:00+00:00,2026-07-13T19:56:00+00:00,749.37,749.37,2.0,0.0,0.0,0.0,end_of_day,1,0,close_only|rb=True|bps=0.0|frac=False
2026-07-14,2026-07-14T14:02:00+00:00,2026-07-14T14:34:00+00:00,750.52,752.02,2.0,3.0,0.0,3.0,target_sampled,4,1920,close_only|rb=True|bps=0.0|frac=False
2026-07-14,2026-07-14T14:43:00+00:00,2026-07-14T15:06:00+00:00,751.26,752.51,2.0,2.5,0.0,2.5,target_sampled,5,1380,close_only|rb=True|bps=0.0|frac=False
2026-07-14,2026-07-14T15:18:00+00:00,2026-07-14T16:03:00+00:00,751.91,750.1,2.0,-3.619999999999891,0.0,-3.619999999999891,trailing_stop_sampled,6,2700,close_only|rb=True|bps=0.0|frac=False
2026-07-14,2026-07-14T16:48:00+00:00,2026-07-14T17:10:00+00:00,751.08,752.18,2.0,2.199999999999818,0.0,2.199999999999818,target_sampled,9,1320,close_only|rb=True|bps=0.0|frac=False
2026-07-14,2026-07-14T17:35:00+00:00,2026-07-14T19:55:00+00:00,751.9,752.1,2.0,0.40000000000009095,0.0,0.40000000000009095,end_of_day,10,8400,close_only|rb=True|bps=0.0|frac=False
2026-07-14,2026-07-14T19:59:00+00:00,2026-07-14T19:59:00+00:00,751.87,751.87,2.0,0.0,0.0,0.0,end_of_day,10,0,close_only|rb=True|bps=0.0|frac=False
2026-07-15,2026-07-15T13:41:00+00:00,2026-07-15T15:16:00+00:00,754.47,752.59,2.0,-3.759999999999991,0.0,-3.759999999999991,trailing_stop_sampled,11,5700,close_only|rb=True|bps=0.0|frac=False
2026-07-15,2026-07-15T15:22:00+00:00,2026-07-15T16:16:00+00:00,752.59,751.05,2.0,-3.0800000000001546,0.0,-3.0800000000001546,trailing_stop_sampled,13,3240,close_only|rb=True|bps=0.0|frac=False
2026-07-15,2026-07-15T16:24:00+00:00,2026-07-15T16:50:00+00:00,750.54,751.74,2.0,2.400000000000091,0.0,2.400000000000091,target_sampled,14,1560,close_only|rb=True|bps=0.0|frac=False
2026-07-15,2026-07-15T16:56:00+00:00,2026-07-15T17:07:00+00:00,751.13,752.3,2.0,2.339999999999918,0.0,2.339999999999918,target_sampled,15,660,close_only|rb=True|bps=0.0|frac=False
2026-07-15,2026-07-15T18:46:00+00:00,2026-07-15T19:55:00+00:00,753.52,754.45,2.0,1.8600000000001273,0.0,1.8600000000001273,end_of_day,19,4140,close_only|rb=True|bps=0.0|frac=False
2026-07-16,2026-07-16T13:30:00+00:00,2026-07-16T16:20:00+00:00,753.17,751.76,2.0,-2.8199999999999363,0.0,-2.8199999999999363,trailing_stop_sampled,19,10200,close_only|rb=True|bps=0.0|frac=False
2026-07-16,2026-07-16T16:21:00+00:00,2026-07-16T18:40:00+00:00,751.81,750.08,2.0,-3.459999999999809,0.0,-3.459999999999809,trailing_stop_sampled,19,8340,close_only|rb=True|bps=0.0|frac=False
2026-07-16,2026-07-16T18:41:00+00:00,2026-07-16T19:47:00+00:00,750.19,748.26,2.0,-3.8600000000001273,0.0,-3.8600000000001273,trailing_stop_sampled,19,3960,close_only|rb=True|bps=0.0|frac=False
2026-07-16,2026-07-16T19:48:00+00:00,2026-07-16T19:55:00+00:00,748.08,750.41,2.0,4.6599999999998545,0.0,4.6599999999998545,end_of_day,19,420,close_only|rb=True|bps=0.0|frac=False
2026-07-16,2026-07-16T19:56:00+00:00,2026-07-16T19:56:00+00:00,750.35,750.35,2.0,0.0,0.0,0.0,end_of_day,19,0,close_only|rb=True|bps=0.0|frac=False
2026-07-17,2026-07-17T13:30:00+00:00,2026-07-17T15:03:00+00:00,742.35,744.23,2.0,3.759999999999991,0.0,3.759999999999991,trailing_stop_sampled,20,5580,close_only|rb=True|bps=0.0|frac=False
2026-07-17,2026-07-17T15:11:00+00:00,2026-07-17T15:29:00+00:00,744.33,745.45,2.0,2.240000000000009,0.0,2.240000000000009,target_sampled,22,1080,close_only|rb=True|bps=0.0|frac=False
2026-07-17,2026-07-17T15:35:00+00:00,2026-07-17T15:54:00+00:00,744.75,746.09,2.0,2.6800000000000637,0.0,2.6800000000000637,target_sampled,23,1140,close_only|rb=True|bps=0.0|frac=False
2026-07-17,2026-07-17T16:01:00+00:00,2026-07-17T16:51:00+00:00,745.86,747.18,2.0,2.6399999999998727,0.0,2.6399999999998727,target_sampled,24,3000,close_only|rb=True|bps=0.0|frac=False
2026-07-17,2026-07-17T17:38:00+00:00,2026-07-17T18:27:00+00:00,745.94,743.39,2.0,-5.100000000000136,0.0,-5.100000000000136,trailing_stop_sampled,24,2940,close_only|rb=True|bps=0.0|frac=False
2026-07-17,2026-07-17T18:28:00+00:00,2026-07-17T19:55:00+00:00,743.53,744.03,2.0,1.0,0.0,1.0,end_of_day,24,5220,close_only|rb=True|bps=0.0|frac=False
2026-07-17,2026-07-17T19:56:00+00:00,2026-07-17T19:56:00+00:00,744.31,744.31,2.0,0.0,0.0,0.0,end_of_day,24,0,close_only|rb=True|bps=0.0|frac=False
2026-07-17,2026-07-17T19:59:00+00:00,2026-07-17T19:59:00+00:00,743.16,743.16,2.0,0.0,0.0,0.0,end_of_day,25,0,close_only|rb=True|bps=0.0|frac=False
2026-07-13,2026-07-13T13:43:00+00:00,2026-07-13T16:00:00+00:00,752.74,751.05,2.656959906475011,-4.490262241942914,0.3995509737758057,-4.8898132157187195,trailing_stop_sampled,1,8220,close_only|rb=True|bps=1.0|frac=True
2026-07-13,2026-07-13T16:01:00+00:00,2026-07-13T18:30:00+00:00,751.21,749.01,2.655862124817669,-5.842896674598992,0.3984377476893963,-6.241334422288388,trailing_stop_sampled,1,8940,close_only|rb=True|bps=1.0|frac=True
2026-07-13,2026-07-13T18:31:00+00:00,2026-07-13T19:55:00+00:00,749.37,749.38,2.6540545422981876,0.026540545422957737,0.39777642452694084,-0.3712358791039831,end_of_day,1,5040,close_only|rb=True|bps=1.0|frac=True
2026-07-13,2026-07-13T19:56:00+00:00,2026-07-13T19:56:00+00:00,749.37,749.37,2.653559144992312,0.0,0.39769952329657776,-0.39769952329657776,end_of_day,1,0,close_only|rb=True|bps=1.0|frac=True
2026-07-14,2026-07-14T14:02:00+00:00,2026-07-14T14:34:00+00:00,750.52,752.02,2.648963274742302,3.973444912113453,0.3980173278831298,3.575427584230323,target_sampled,4,1920,close_only|rb=True|bps=1.0|frac=True
2026-07-14,2026-07-14T14:43:00+00:00,2026-07-14T15:06:00+00:00,751.26,752.51,2.651113255788705,3.313891569735881,0.3986664580657381,2.915225111670143,target_sampled,5,1380,close_only|rb=True|bps=1.0|frac=True
2026-07-14,2026-07-14T15:18:00+00:00,2026-07-14T16:03:00+00:00,751.91,750.1,2.6526985538900836,-4.801384382540906,0.39843797549284443,-5.19982235803375,trailing_stop_sampled,6,2700,close_only|rb=True|bps=1.0|frac=True
2026-07-14,2026-07-14T16:48:00+00:00,2026-07-14T17:10:00+00:00,751.08,752.18,2.6487068585203426,2.913577544372136,0.398169507213929,2.515408037158207,target_sampled,9,1320,close_only|rb=True|bps=1.0|frac=True
2026-07-14,2026-07-14T17:35:00+00:00,2026-07-14T19:55:00+00:00,751.9,752.1,2.6491636591762435,0.5298327318353692,0.398434214340107,0.13139851749526216,end_of_day,10,8400,close_only|rb=True|bps=1.0|frac=True
2026-07-14,2026-07-14T19:59:00+00:00,2026-07-14T19:59:00+00:00,751.87,751.87,2.649444124452515,0.0,0.39840751077042247,-0.39840751077042247,end_of_day,10,0,close_only|rb=True|bps=1.0|frac=True
2026-07-15,2026-07-15T13:41:00+00:00,2026-07-15T15:16:00+00:00,754.47,752.59,2.639785738785296,-4.962797188916344,0.3978315495493768,-5.360628738465721,trailing_stop_sampled,11,5700,close_only|rb=True|bps=1.0|frac=True
2026-07-15,2026-07-15T15:22:00+00:00,2026-07-15T16:16:00+00:00,752.59,751.05,2.639257122208475,-4.064455968201256,0.39684925792375514,-4.461305226125011,trailing_stop_sampled,13,3240,close_only|rb=True|bps=1.0|frac=True
2026-07-15,2026-07-15T16:24:00+00:00,2026-07-15T16:50:00+00:00,750.54,751.74,2.640521774158275,3.16862612899005,0.3966803050882493,2.7719458239018007,target_sampled,14,1560,close_only|rb=True|bps=1.0|frac=True
2026-07-15,2026-07-15T16:56:00+00:00,2026-07-15T17:07:00+00:00,751.13,752.3,2.6421380562627688,3.0913015258273315,0.3972269617927134,2.694074564034618,target_sampled,15,660,close_only|rb=True|bps=1.0|frac=True
2026-07-15,2026-07-15T18:46:00+00:00,2026-07-15T19:55:00+00:00,753.52,754.45,2.6373330936998194,2.452719777141,0.3977019185306517,2.0550178586103485,end_of_day,19,4140,close_only|rb=True|bps=1.0|frac=True
2026-07-16,2026-07-16T13:30:00+00:00,2026-07-16T16:20:00+00:00,753.17,751.76,2.641287160432968,-3.724214896210401,0.3974952286350386,-4.121710124845439,trailing_stop_sampled,19,10200,close_only|rb=True|bps=1.0|frac=True
2026-07-16,2026-07-16T16:21:00+00:00,2026-07-16T18:40:00+00:00,751.81,750.08,2.6405827808867306,-4.568208210933792,0.39658648727859713,-4.964794698212389,trailing_stop_sampled,19,8340,close_only|rb=True|bps=1.0|frac=True
2026-07-16,2026-07-16T18:41:00+00:00,2026-07-16T19:47:00+00:00,750.19,748.26,2.6396669454408084,-5.094557204700928,0.39554089343957793,-5.490098098140506,trailing_stop_sampled,19,3960,close_only|rb=True|bps=1.0|frac=True
2026-07-16,2026-07-16T19:48:00+00:00,2026-07-16T19:55:00+00:00,748.08,750.41,2.6397733500455827,6.150671905606016,0.3955673967309805,5.755104508875036,end_of_day,19,420,close_only|rb=True|bps=1.0|frac=True
2026-07-16,2026-07-16T19:56:00+00:00,2026-07-16T19:56:00+00:00,750.35,750.35,2.639457256228393,0.0,0.3961033504421949,-0.3961033504421949,end_of_day,19,0,close_only|rb=True|bps=1.0|frac=True
2026-07-17,2026-07-17T13:30:00+00:00,2026-07-17T15:03:00+00:00,742.35,744.23,2.6673680189405706,5.01465187560826,0.3965255949596673,4.6181262806485925,trailing_stop_sampled,20,5580,close_only|rb=True|bps=1.0|frac=True
2026-07-17,2026-07-17T15:11:00+00:00,2026-07-17T15:29:00+00:00,744.33,745.45,2.6664769324643385,2.986454164360071,0.3972464004446723,2.5892077639153985,target_sampled,22,1080,close_only|rb=True|bps=1.0|frac=True
2026-07-17,2026-07-17T15:35:00+00:00,2026-07-17T15:54:00+00:00,744.75,746.09,2.668449792420405,3.575722721843428,0.3978231688532037,3.1778995529902243,target_sampled,23,1140,close_only|rb=True|bps=1.0|frac=True
2026-07-17,2026-07-17T16:01:00+00:00,2026-07-17T16:51:00+00:00,745.86,747.18,2.6687392841258237,3.5227358550459176,0.39845345007712196,3.1242824049687954,target_sampled,24,3000,close_only|rb=True|bps=1.0|frac=True
2026-07-17,2026-07-17T17:38:00+00:00,2026-07-17T18:27:00+00:00,745.94,743.39,2.6726414522120487,-6.815235703140907,0.398044509402297,-7.213280212543204,trailing_stop_sampled,24,2940,close_only|rb=True|bps=1.0|frac=True
2026-07-17,2026-07-17T18:28:00+00:00,2026-07-17T19:55:00+00:00,743.53,744.03,2.6716028736574353,1.3358014368287177,0.39741695707378544,0.9383844797549322,end_of_day,24,5220,close_only|rb=True|bps=1.0|frac=True
2026-07-17,2026-07-17T19:56:00+00:00,2026-07-17T19:56:00+00:00,744.31,744.31,2.6700639103737256,0.0,0.3974710538260535,-0.3974710538260535,end_of_day,24,0,close_only|rb=True|bps=1.0|frac=True
2026-07-17,2026-07-17T19:59:00+00:00,2026-07-17T19:59:00+00:00,743.16,743.16,2.673660851063622,0.0,0.39739155961528827,-0.39739155961528827,end_of_day,25,0,close_only|rb=True|bps=1.0|frac=True
2026-07-13,2026-07-13T13:43:00+00:00,2026-07-13T16:00:00+00:00,752.74,751.05,2.0,-3.380000000000109,0.30075799999999997,-3.680758000000109,trailing_stop_sampled,1,8220,close_only|rb=True|bps=1.0|frac=False
2026-07-13,2026-07-13T16:01:00+00:00,2026-07-13T18:30:00+00:00,751.21,749.01,2.0,-4.400000000000091,0.30004400000000003,-4.700044000000091,trailing_stop_sampled,1,8940,close_only|rb=True|bps=1.0|frac=False
2026-07-13,2026-07-13T18:31:00+00:00,2026-07-13T19:55:00+00:00,749.37,749.38,2.0,0.01999999999998181,0.29975,-0.2797500000000182,end_of_day,1,5040,close_only|rb=True|bps=1.0|frac=False
2026-07-13,2026-07-13T19:56:00+00:00,2026-07-13T19:56:00+00:00,749.37,749.37,2.0,0.0,0.299748,-0.299748,end_of_day,1,0,close_only|rb=True|bps=1.0|frac=False
2026-07-14,2026-07-14T14:02:00+00:00,2026-07-14T14:34:00+00:00,750.52,752.02,2.0,3.0,0.300508,2.6994920000000002,target_sampled,4,1920,close_only|rb=True|bps=1.0|frac=False
2026-07-14,2026-07-14T14:43:00+00:00,2026-07-14T15:06:00+00:00,751.26,752.51,2.0,2.5,0.300754,2.199246,target_sampled,5,1380,close_only|rb=True|bps=1.0|frac=False
2026-07-14,2026-07-14T15:18:00+00:00,2026-07-14T16:03:00+00:00,751.91,750.1,2.0,-3.619999999999891,0.300402,-3.920401999999891,trailing_stop_sampled,6,2700,close_only|rb=True|bps=1.0|frac=False
2026-07-14,2026-07-14T16:48:00+00:00,2026-07-14T17:10:00+00:00,751.08,752.18,2.0,2.199999999999818,0.300652,1.8993479999998182,target_sampled,9,1320,close_only|rb=True|bps=1.0|frac=False
2026-07-14,2026-07-14T17:35:00+00:00,2026-07-14T19:55:00+00:00,751.9,752.1,2.0,0.40000000000009095,0.3008,0.09920000000009094,end_of_day,10,8400,close_only|rb=True|bps=1.0|frac=False
2026-07-14,2026-07-14T19:59:00+00:00,2026-07-14T19:59:00+00:00,751.87,751.87,2.0,0.0,0.300748,-0.300748,end_of_day,10,0,close_only|rb=True|bps=1.0|frac=False
2026-07-15,2026-07-15T13:41:00+00:00,2026-07-15T15:16:00+00:00,754.47,752.59,2.0,-3.759999999999991,0.301412,-4.061411999999991,trailing_stop_sampled,11,5700,close_only|rb=True|bps=1.0|frac=False
2026-07-15,2026-07-15T15:22:00+00:00,2026-07-15T16:16:00+00:00,752.59,751.05,2.0,-3.0800000000001546,0.300728,-3.3807280000001545,trailing_stop_sampled,13,3240,close_only|rb=True|bps=1.0|frac=False
2026-07-15,2026-07-15T16:24:00+00:00,2026-07-15T16:50:00+00:00,750.54,751.74,2.0,2.400000000000091,0.300456,2.099544000000091,target_sampled,14,1560,close_only|rb=True|bps=1.0|frac=False
2026-07-15,2026-07-15T16:56:00+00:00,2026-07-15T17:07:00+00:00,751.13,752.3,2.0,2.339999999999918,0.30068599999999995,2.0393139999999184,target_sampled,15,660,close_only|rb=True|bps=1.0|frac=False
2026-07-15,2026-07-15T18:46:00+00:00,2026-07-15T19:55:00+00:00,753.52,754.45,2.0,1.8600000000001273,0.30159400000000003,1.5584060000001272,end_of_day,19,4140,close_only|rb=True|bps=1.0|frac=False
2026-07-16,2026-07-16T13:30:00+00:00,2026-07-16T16:20:00+00:00,753.17,751.76,2.0,-2.8199999999999363,0.300986,-3.1209859999999363,trailing_stop_sampled,19,10200,close_only|rb=True|bps=1.0|frac=False
2026-07-16,2026-07-16T16:21:00+00:00,2026-07-16T18:40:00+00:00,751.81,750.08,2.0,-3.459999999999809,0.300378,-3.760377999999809,trailing_stop_sampled,19,8340,close_only|rb=True|bps=1.0|frac=False
2026-07-16,2026-07-16T18:41:00+00:00,2026-07-16T19:47:00+00:00,750.19,748.26,2.0,-3.8600000000001273,0.29969,-4.159690000000127,trailing_stop_sampled,19,3960,close_only|rb=True|bps=1.0|frac=False
2026-07-16,2026-07-16T19:48:00+00:00,2026-07-16T19:55:00+00:00,748.08,750.41,2.0,4.6599999999998545,0.299698,4.360301999999854,end_of_day,19,420,close_only|rb=True|bps=1.0|frac=False
2026-07-16,2026-07-16T19:56:00+00:00,2026-07-16T19:56:00+00:00,750.35,750.35,2.0,0.0,0.30014,-0.30014,end_of_day,19,0,close_only|rb=True|bps=1.0|frac=False
2026-07-17,2026-07-17T13:30:00+00:00,2026-07-17T15:03:00+00:00,742.35,744.23,2.0,3.759999999999991,0.29731599999999997,3.462683999999991,trailing_stop_sampled,20,5580,close_only|rb=True|bps=1.0|frac=False
2026-07-17,2026-07-17T15:11:00+00:00,2026-07-17T15:29:00+00:00,744.33,745.45,2.0,2.240000000000009,0.29795600000000005,1.942044000000009,target_sampled,22,1080,close_only|rb=True|bps=1.0|frac=False
2026-07-17,2026-07-17T15:35:00+00:00,2026-07-17T15:54:00+00:00,744.75,746.09,2.0,2.6800000000000637,0.29816800000000004,2.3818320000000637,target_sampled,23,1140,close_only|rb=True|bps=1.0|frac=False
2026-07-17,2026-07-17T16:01:00+00:00,2026-07-17T16:51:00+00:00,745.86,747.18,2.0,2.6399999999998727,0.298608,2.341391999999873,target_sampled,24,3000,close_only|rb=True|bps=1.0|frac=False
2026-07-17,2026-07-17T17:38:00+00:00,2026-07-17T18:27:00+00:00,745.94,743.39,2.0,-5.100000000000136,0.29786599999999996,-5.397866000000136,trailing_stop_sampled,24,2940,close_only|rb=True|bps=1.0|frac=False
2026-07-17,2026-07-17T18:28:00+00:00,2026-07-17T19:55:00+00:00,743.53,744.03,2.0,1.0,0.297512,0.702488,end_of_day,24,5220,close_only|rb=True|bps=1.0|frac=False
2026-07-17,2026-07-17T19:56:00+00:00,2026-07-17T19:56:00+00:00,744.31,744.31,2.0,0.0,0.297724,-0.297724,end_of_day,24,0,close_only|rb=True|bps=1.0|frac=False
2026-07-17,2026-07-17T19:59:00+00:00,2026-07-17T19:59:00+00:00,743.16,743.16,2.0,0.0,0.297264,-0.297264,end_of_day,25,0,close_only|rb=True|bps=1.0|frac=False
2026-07-13,2026-07-13T13:43:00+00:00,2026-07-13T16:00:00+00:00,752.74,751.05,2.656959906475011,-4.490262241942914,0.7991019475516113,-5.289364189494526,trailing_stop_sampled,1,8220,close_only|rb=True|bps=2.0|frac=True
2026-07-13,2026-07-13T16:01:00+00:00,2026-07-13T18:30:00+00:00,751.21,749.01,2.6553302482801153,-5.841726546216375,0.7967159090149589,-6.638442455231334,trailing_stop_sampled,1,8940,close_only|rb=True|bps=2.0|frac=True
2026-07-13,2026-07-13T18:31:00+00:00,2026-07-13T19:55:00+00:00,749.37,749.38,2.6529914372810146,0.02652991437278602,0.7952341833249841,-0.768704268952198,end_of_day,1,5040,close_only|rb=True|bps=2.0|frac=True
2026-07-13,2026-07-13T19:56:00+00:00,2026-07-13T19:56:00+00:00,749.37,749.37,2.651965636583159,0.0,0.7949213956345288,-0.7949213956345288,end_of_day,1,0,close_only|rb=True|bps=2.0|frac=True
2026-07-14,2026-07-14T14:02:00+00:00,2026-07-14T14:34:00+00:00,750.52,752.02,2.6468429458118203,3.9702644187177305,0.7953974799600185,3.174866938757712,target_sampled,4,1920,close_only|rb=True|bps=2.0|frac=True
2026-07-14,2026-07-14T14:43:00+00:00,2026-07-14T15:06:00+00:00,751.26,752.51,2.6484618302976934,3.3105772878721167,0.7965354893093525,2.514041798562764,target_sampled,5,1380,close_only|rb=True|bps=2.0|frac=True
2026-07-14,2026-07-14T15:18:00+00:00,2026-07-14T16:03:00+00:00,751.91,750.1,2.649515868159764,-4.7956237213690285,0.7959198658269294,-5.591543587195958,trailing_stop_sampled,6,2700,close_only|rb=True|bps=2.0|frac=True
2026-07-14,2026-07-14T16:48:00+00:00,2026-07-14T17:10:00+00:00,751.08,752.18,2.6449991117335196,2.909499022906631,0.7952242729409061,2.114274749965725,target_sampled,9,1320,close_only|rb=True|bps=2.0|frac=True
2026-07-14,2026-07-14T17:35:00+00:00,2026-07-14T19:55:00+00:00,751.9,752.1,2.6449264630812315,0.5289852926163666,0.7955938800948344,-0.26660858747846783,end_of_day,10,8400,close_only|rb=True|bps=2.0|frac=True
2026-07-14,2026-07-14T19:59:00+00:00,2026-07-14T19:59:00+00:00,751.87,751.87,2.644677403012887,0.0,0.7953814396013197,-0.7953814396013197,end_of_day,10,0,close_only|rb=True|bps=2.0|frac=True
2026-07-15,2026-07-15T13:41:00+00:00,2026-07-15T15:16:00+00:00,754.47,752.59,2.6345092814342492,-4.952877449096377,0.7940727115356598,-5.746950160632037,trailing_stop_sampled,11,5700,close_only|rb=True|bps=2.0|frac=True
2026-07-15,2026-07-15T15:22:00+00:00,2026-07-15T16:16:00+00:00,752.59,751.05,2.633454161499709,-4.055519408709755,0.7919534030794845,-4.84747281178924,trailing_stop_sampled,13,3240,close_only|rb=True|bps=2.0|frac=True
2026-07-15,2026-07-15T16:24:00+00:00,2026-07-15T16:50:00+00:00,750.54,751.74,2.6341884437755176,3.161026132530741,0.7914577230630169,2.3695684094677243,target_sampled,14,1560,close_only|rb=True|bps=2.0|frac=True
2026-07-15,2026-07-15T16:56:00+00:00,2026-07-15T17:07:00+00:00,751.13,752.3,2.6352740045008782,3.0832705852659195,0.792389999317351,2.2908805859485684,target_sampled,15,660,close_only|rb=True|bps=2.0|frac=True
2026-07-15,2026-07-15T18:46:00+00:00,2026-07-15T19:55:00+00:00,753.52,754.45,2.629955732544184,2.4458588312662584,0.7931788692009306,1.6526799620653279,end_of_day,19,4140,close_only|rb=True|bps=2.0|frac=True
2026-07-16,2026-07-16T13:30:00+00:00,2026-07-16T16:20:00+00:00,753.17,751.76,2.6333721783246262,-3.713054771437639,0.7926081584652158,-4.505662929902855,trailing_stop_sampled,19,10200,close_only|rb=True|bps=2.0|frac=True
2026-07-16,2026-07-16T16:21:00+00:00,2026-07-16T18:40:00+00:00,751.81,750.08,2.6321427762584375,-4.553607002926846,0.790637782846957,-5.344244785773803,trailing_stop_sampled,19,8340,close_only|rb=True|bps=2.0|frac=True
2026-07-16,2026-07-16T18:41:00+00:00,2026-07-16T19:47:00+00:00,750.19,748.26,2.6307029097069834,-5.077256615734646,0.7883953550100858,-5.865651970744731,trailing_stop_sampled,19,3960,close_only|rb=True|bps=2.0|frac=True
2026-07-16,2026-07-16T19:48:00+00:00,2026-07-16T19:55:00+00:00,748.08,750.41,2.6302820070879283,6.1285570765146815,0.7882902569602379,5.340266819554444,end_of_day,19,420,close_only|rb=True|bps=2.0|frac=True
2026-07-16,2026-07-16T19:56:00+00:00,2026-07-16T19:56:00+00:00,750.35,750.35,2.629441768084083,0.0,0.7892006522727566,-0.7892006522727566,end_of_day,19,0,close_only|rb=True|bps=2.0|frac=True
2026-07-17,2026-07-17T13:30:00+00:00,2026-07-17T15:03:00+00:00,742.35,744.23,2.6567150670568047,4.994624326066781,0.789883896877061,4.2047404291897195,trailing_stop_sampled,20,5580,close_only|rb=True|bps=2.0|frac=True
2026-07-17,2026-07-17T15:11:00+00:00,2026-07-17T15:29:00+00:00,744.33,745.45,2.6552969388024246,2.9739325714587275,0.7911616546978154,2.182770916760912,target_sampled,22,1080,close_only|rb=True|bps=2.0|frac=True
2026-07-17,2026-07-17T15:35:00+00:00,2026-07-17T15:54:00+00:00,744.75,746.09,2.6567303677416176,3.5600186927738524,0.7921519802887828,2.7678667124850698,target_sampled,23,1140,close_only|rb=True|bps=2.0|frac=True
2026-07-17,2026-07-17T16:01:00+00:00,2026-07-17T16:51:00+00:00,745.86,747.18,2.6564875554233436,3.5065635731586444,0.7932484359498537,2.7133151372087907,target_sampled,24,3000,close_only|rb=True|bps=2.0|frac=True
2026-07-17,2026-07-17T17:38:00+00:00,2026-07-17T18:27:00+00:00,745.94,743.39,2.6598400987013213,-6.782592251688551,0.7922759308397677,-7.574868182528319,trailing_stop_sampled,24,2940,close_only|rb=True|bps=2.0|frac=True
2026-07-17,2026-07-17T18:28:00+00:00,2026-07-17T19:55:00+00:00,743.53,744.03,2.658273714635234,1.329136857317617,0.7908683293885577,0.5382685279290593,end_of_day,24,5220,close_only|rb=True|bps=2.0|frac=True
2026-07-17,2026-07-17T19:56:00+00:00,2026-07-17T19:56:00+00:00,744.31,744.31,2.6562111533778463,0.0,0.7908178094282658,-0.7908178094282658,end_of_day,24,0,close_only|rb=True|bps=2.0|frac=True
2026-07-17,2026-07-17T19:59:00+00:00,2026-07-17T19:59:00+00:00,743.16,743.16,2.659257368213085,0.0,0.7905014823044945,-0.7905014823044945,end_of_day,25,0,close_only|rb=True|bps=2.0|frac=True
2026-07-13,2026-07-13T13:43:00+00:00,2026-07-13T16:00:00+00:00,752.74,751.05,2.0,-3.380000000000109,0.6015159999999999,-3.9815160000001093,trailing_stop_sampled,1,8220,close_only|rb=True|bps=2.0|frac=False
2026-07-13,2026-07-13T16:01:00+00:00,2026-07-13T18:30:00+00:00,751.21,749.01,2.0,-4.400000000000091,0.6000880000000001,-5.000088000000091,trailing_stop_sampled,1,8940,close_only|rb=True|bps=2.0|frac=False
2026-07-13,2026-07-13T18:31:00+00:00,2026-07-13T19:55:00+00:00,749.37,749.38,2.0,0.01999999999998181,0.5995,-0.5795000000000182,end_of_day,1,5040,close_only|rb=True|bps=2.0|frac=False
2026-07-13,2026-07-13T19:56:00+00:00,2026-07-13T19:56:00+00:00,749.37,749.37,2.0,0.0,0.599496,-0.599496,end_of_day,1,0,close_only|rb=True|bps=2.0|frac=False
2026-07-14,2026-07-14T14:02:00+00:00,2026-07-14T14:34:00+00:00,750.52,752.02,2.0,3.0,0.601016,2.398984,target_sampled,4,1920,close_only|rb=True|bps=2.0|frac=False
2026-07-14,2026-07-14T14:43:00+00:00,2026-07-14T15:06:00+00:00,751.26,752.51,2.0,2.5,0.601508,1.898492,target_sampled,5,1380,close_only|rb=True|bps=2.0|frac=False
2026-07-14,2026-07-14T15:18:00+00:00,2026-07-14T16:03:00+00:00,751.91,750.1,2.0,-3.619999999999891,0.600804,-4.220803999999891,trailing_stop_sampled,6,2700,close_only|rb=True|bps=2.0|frac=False
2026-07-14,2026-07-14T16:48:00+00:00,2026-07-14T17:10:00+00:00,751.08,752.18,2.0,2.199999999999818,0.601304,1.5986959999998183,target_sampled,9,1320,close_only|rb=True|bps=2.0|frac=False
2026-07-14,2026-07-14T17:35:00+00:00,2026-07-14T19:55:00+00:00,751.9,752.1,2.0,0.40000000000009095,0.6016,-0.20159999999990907,end_of_day,10,8400,close_only|rb=True|bps=2.0|frac=False
2026-07-14,2026-07-14T19:59:00+00:00,2026-07-14T19:59:00+00:00,751.87,751.87,2.0,0.0,0.601496,-0.601496,end_of_day,10,0,close_only|rb=True|bps=2.0|frac=False
2026-07-15,2026-07-15T13:41:00+00:00,2026-07-15T15:16:00+00:00,754.47,752.59,2.0,-3.759999999999991,0.602824,-4.362823999999991,trailing_stop_sampled,11,5700,close_only|rb=True|bps=2.0|frac=False
2026-07-15,2026-07-15T15:22:00+00:00,2026-07-15T16:16:00+00:00,752.59,751.05,2.0,-3.0800000000001546,0.601456,-3.6814560000001544,trailing_stop_sampled,13,3240,close_only|rb=True|bps=2.0|frac=False
2026-07-15,2026-07-15T16:24:00+00:00,2026-07-15T16:50:00+00:00,750.54,751.74,2.0,2.400000000000091,0.600912,1.7990880000000908,target_sampled,14,1560,close_only|rb=True|bps=2.0|frac=False
2026-07-15,2026-07-15T16:56:00+00:00,2026-07-15T17:07:00+00:00,751.13,752.3,2.0,2.339999999999918,0.6013719999999999,1.7386279999999181,target_sampled,15,660,close_only|rb=True|bps=2.0|frac=False
2026-07-15,2026-07-15T18:46:00+00:00,2026-07-15T19:55:00+00:00,753.52,754.45,2.0,1.8600000000001273,0.6031880000000001,1.2568120000001273,end_of_day,19,4140,close_only|rb=True|bps=2.0|frac=False
2026-07-16,2026-07-16T13:30:00+00:00,2026-07-16T16:20:00+00:00,753.17,751.76,2.0,-2.8199999999999363,0.601972,-3.4219719999999363,trailing_stop_sampled,19,10200,close_only|rb=True|bps=2.0|frac=False
2026-07-16,2026-07-16T16:21:00+00:00,2026-07-16T18:40:00+00:00,751.81,750.08,2.0,-3.459999999999809,0.600756,-4.060755999999809,trailing_stop_sampled,19,8340,close_only|rb=True|bps=2.0|frac=False
2026-07-16,2026-07-16T18:41:00+00:00,2026-07-16T19:47:00+00:00,750.19,748.26,2.0,-3.8600000000001273,0.59938,-4.459380000000127,trailing_stop_sampled,19,3960,close_only|rb=True|bps=2.0|frac=False
2026-07-16,2026-07-16T19:48:00+00:00,2026-07-16T19:55:00+00:00,748.08,750.41,2.0,4.6599999999998545,0.599396,4.060603999999854,end_of_day,19,420,close_only|rb=True|bps=2.0|frac=False
2026-07-16,2026-07-16T19:56:00+00:00,2026-07-16T19:56:00+00:00,750.35,750.35,2.0,0.0,0.60028,-0.60028,end_of_day,19,0,close_only|rb=True|bps=2.0|frac=False
2026-07-17,2026-07-17T13:30:00+00:00,2026-07-17T15:03:00+00:00,742.35,744.23,2.0,3.759999999999991,0.5946319999999999,3.165367999999991,trailing_stop_sampled,20,5580,close_only|rb=True|bps=2.0|frac=False
2026-07-17,2026-07-17T15:11:00+00:00,2026-07-17T15:29:00+00:00,744.33,745.45,2.0,2.240000000000009,0.5959120000000001,1.6440880000000089,target_sampled,22,1080,close_only|rb=True|bps=2.0|frac=False
2026-07-17,2026-07-17T15:35:00+00:00,2026-07-17T15:54:00+00:00,744.75,746.09,2.0,2.6800000000000637,0.5963360000000001,2.0836640000000637,target_sampled,23,1140,close_only|rb=True|bps=2.0|frac=False
2026-07-17,2026-07-17T16:01:00+00:00,2026-07-17T16:51:00+00:00,745.86,747.18,2.0,2.6399999999998727,0.597216,2.0427839999998727,target_sampled,24,3000,close_only|rb=True|bps=2.0|frac=False
2026-07-17,2026-07-17T17:38:00+00:00,2026-07-17T18:27:00+00:00,745.94,743.39,2.0,-5.100000000000136,0.5957319999999999,-5.695732000000136,trailing_stop_sampled,24,2940,close_only|rb=True|bps=2.0|frac=False
2026-07-17,2026-07-17T18:28:00+00:00,2026-07-17T19:55:00+00:00,743.53,744.03,2.0,1.0,0.595024,0.404976,end_of_day,24,5220,close_only|rb=True|bps=2.0|frac=False
2026-07-17,2026-07-17T19:56:00+00:00,2026-07-17T19:56:00+00:00,744.31,744.31,2.0,0.0,0.595448,-0.595448,end_of_day,24,0,close_only|rb=True|bps=2.0|frac=False
2026-07-17,2026-07-17T19:59:00+00:00,2026-07-17T19:59:00+00:00,743.16,743.16,2.0,0.0,0.594528,-0.594528,end_of_day,25,0,close_only|rb=True|bps=2.0|frac=False
2026-07-13,2026-07-13T13:43:00+00:00,2026-07-13T16:00:00+00:00,752.74,751.05,2.656959906475011,-4.490262241942914,1.9977548688790285,-6.488017110821943,trailing_stop_sampled,1,8220,close_only|rb=True|bps=5.0|frac=True
2026-07-13,2026-07-13T16:01:00+00:00,2026-07-13T18:30:00+00:00,751.21,749.01,2.6537346186674537,-5.838216161068519,1.9905928748086437,-7.828809035877162,trailing_stop_sampled,1,8940,close_only|rb=True|bps=5.0|frac=True
2026-07-13,2026-07-13T18:31:00+00:00,2026-07-13T19:55:00+00:00,749.37,749.38,2.649803399993729,0.02649803399991319,1.9856964228703007,-1.9591983888703874,end_of_day,1,5040,close_only|rb=True|bps=5.0|frac=True
2026-07-13,2026-07-13T19:56:00+00:00,2026-07-13T19:56:00+00:00,749.37,749.37,2.6471889393282764,0.0,1.9837239754644302,-1.9837239754644302,end_of_day,1,0,close_only|rb=True|bps=5.0|frac=True
2026-07-14,2026-07-14T14:02:00+00:00,2026-07-14T14:34:00+00:00,750.52,752.02,2.6404895958654877,3.960734393798232,1.9837206186858647,1.977013775112367,target_sampled,4,1920,close_only|rb=True|bps=5.0|frac=True
2026-07-14,2026-07-14T14:43:00+00:00,2026-07-14T15:06:00+00:00,751.26,752.51,2.640520279615683,3.3006503495196036,1.985367590438838,1.3152827590807656,target_sampled,5,1380,close_only|rb=True|bps=5.0|frac=True
2026-07-14,2026-07-14T15:18:00+00:00,2026-07-14T16:03:00+00:00,751.91,750.1,2.639986897398836,-4.778376284291749,1.982643359881013,-6.761019644172762,trailing_stop_sampled,6,2700,close_only|rb=True|bps=5.0|frac=True
2026-07-14,2026-07-14T16:48:00+00:00,2026-07-14T17:10:00+00:00,751.08,752.18,2.6339025514978243,2.8972928066473673,1.9797201747823097,0.9175726318650577,target_sampled,9,1320,close_only|rb=True|bps=5.0|frac=True
2026-07-14,2026-07-14T17:35:00+00:00,2026-07-14T19:55:00+00:00,751.9,752.1,2.6322504335827253,0.5264500867166647,1.9794523260542094,-1.4530022393375446,end_of_day,10,8400,close_only|rb=True|bps=5.0|frac=True
2026-07-14,2026-07-14T19:59:00+00:00,2026-07-14T19:59:00+00:00,751.87,751.87,2.6304229438220883,0.0,1.9777360987715136,-1.9777360987715136,end_of_day,10,0,close_only|rb=True|bps=5.0|frac=True
2026-07-15,2026-07-15T13:41:00+00:00,2026-07-15T15:16:00+00:00,754.47,752.59,2.6187368121631636,-4.923225206866736,1.9732967500693084,-6.896521956936044,trailing_stop_sampled,11,5700,close_only|rb=True|bps=5.0|frac=True
2026-07-15,2026-07-15T15:22:00+00:00,2026-07-15T16:16:00+00:00,752.59,751.05,2.616114804496214,-4.028816798924372,1.9668474323163434,-5.995664231240715,trailing_stop_sampled,13,3240,close_only|rb=True|bps=5.0|frac=True
2026-07-15,2026-07-15T16:24:00+00:00,2026-07-15T16:50:00+00:00,750.54,751.74,2.6152719062069516,3.1383262874484608,1.9644353396282894,1.1738909478201713,target_sampled,14,1560,close_only|rb=True|bps=5.0|frac=True
2026-07-15,2026-07-15T16:56:00+00:00,2026-07-15T17:07:00+00:00,751.13,752.3,2.6147804873089684,3.059293170151386,1.9655697140174608,1.0937234561339253,target_sampled,15,660,close_only|rb=True|bps=5.0|frac=True
2026-07-15,2026-07-15T18:46:00+00:00,2026-07-15T19:55:00+00:00,753.52,754.45,2.6079384633301297,2.4253827708971865,1.966346482273968,0.45903628862321844,end_of_day,19,4140,close_only|rb=True|bps=5.0|frac=True
2026-07-16,2026-07-16T13:30:00+00:00,2026-07-16T16:20:00+00:00,753.17,751.76,2.609759851264844,-3.6797613902833466,1.9637529464820007,-5.643514336765348,trailing_stop_sampled,19,10200,close_only|rb=True|bps=5.0|frac=True
2026-07-16,2026-07-16T16:21:00+00:00,2026-07-16T18:40:00+00:00,751.81,750.08,2.606974252590917,-4.510065456982038,1.9576942801118862,-6.467759737093925,trailing_stop_sampled,19,8340,close_only|rb=True|bps=5.0|frac=True
2026-07-16,2026-07-16T18:41:00+00:00,2026-07-16T19:47:00+00:00,750.19,748.26,2.603982395264244,-5.025686022860157,1.9509687100918531,-6.97665473295201,trailing_stop_sampled,19,3960,close_only|rb=True|bps=5.0|frac=True
2026-07-16,2026-07-16T19:48:00+00:00,2026-07-16T19:55:00+00:00,748.08,750.41,2.6020009870205474,6.062662299757686,1.9495362295202099,4.113126070237476,end_of_day,19,420,close_only|rb=True|bps=5.0|frac=True
2026-07-16,2026-07-16T19:56:00+00:00,2026-07-16T19:56:00+00:00,750.35,750.35,2.5996108808430316,0.0,1.9506180244405689,-1.9506180244405689,end_of_day,19,0,close_only|rb=True|bps=5.0|frac=True
2026-07-17,2026-07-17T13:30:00+00:00,2026-07-17T15:03:00+00:00,742.35,744.23,2.624998190093794,4.934996597376321,1.9511349047148163,2.9838616926615043,trailing_stop_sampled,20,5580,close_only|rb=True|bps=5.0|frac=True
2026-07-17,2026-07-17T15:11:00+00:00,2026-07-17T15:29:00+00:00,744.33,745.45,2.622024193716214,2.9366670969621715,1.9531196016572707,0.9835474953049008,target_sampled,22,1080,close_only|rb=True|bps=5.0|frac=True
2026-07-17,2026-07-17T15:35:00+00:00,2026-07-17T15:54:00+00:00,744.75,746.09,2.6218661505258067,3.5133006417046646,1.9543914659249468,1.5589091757797178,target_sampled,23,1140,close_only|rb=True|bps=5.0|frac=True
2026-07-17,2026-07-17T16:01:00+00:00,2026-07-17T16:51:00+00:00,745.86,747.18,2.6200543329577592,3.4584717195040753,1.9559229606396265,1.5025487588644488,target_sampled,24,3000,close_only|rb=True|bps=5.0|frac=True
2026-07-17,2026-07-17T17:38:00+00:00,2026-07-17T18:27:00+00:00,745.94,743.39,2.621787641819367,-6.6855584866395645,1.9523534942954186,-8.637911980934984,trailing_stop_sampled,24,2940,close_only|rb=True|bps=5.0|frac=True
2026-07-17,2026-07-17T18:28:00+00:00,2026-07-17T19:55:00+00:00,743.53,744.03,2.6186681930222098,1.3093340965111049,1.9477130286060593,-0.6383789320949544,end_of_day,24,5220,close_only|rb=True|bps=5.0|frac=True
2026-07-17,2026-07-17T19:56:00+00:00,2026-07-17T19:56:00+00:00,744.31,744.31,2.6150662796760877,0.0,1.946419982625709,-1.946419982625709,end_of_day,24,0,close_only|rb=True|bps=5.0|frac=True
2026-07-17,2026-07-17T19:59:00+00:00,2026-07-17T19:59:00+00:00,743.16,743.16,2.6164938406844866,0.0,1.944473562643083,-1.944473562643083,end_of_day,25,0,close_only|rb=True|bps=5.0|frac=True
2026-07-13,2026-07-13T13:43:00+00:00,2026-07-13T16:00:00+00:00,752.74,751.05,2.0,-3.380000000000109,1.50379,-4.8837900000001095,trailing_stop_sampled,1,8220,close_only|rb=True|bps=5.0|frac=False
2026-07-13,2026-07-13T16:01:00+00:00,2026-07-13T18:30:00+00:00,751.21,749.01,2.0,-4.400000000000091,1.50022,-5.9002200000000915,trailing_stop_sampled,1,8940,close_only|rb=True|bps=5.0|frac=False
2026-07-13,2026-07-13T18:31:00+00:00,2026-07-13T19:55:00+00:00,749.37,749.38,2.0,0.01999999999998181,1.49875,-1.4787500000000182,end_of_day,1,5040,close_only|rb=True|bps=5.0|frac=False
2026-07-13,2026-07-13T19:56:00+00:00,2026-07-13T19:56:00+00:00,749.37,749.37,2.0,0.0,1.49874,-1.49874,end_of_day,1,0,close_only|rb=True|bps=5.0|frac=False
2026-07-14,2026-07-14T14:02:00+00:00,2026-07-14T14:34:00+00:00,750.52,752.02,2.0,3.0,1.50254,1.49746,target_sampled,4,1920,close_only|rb=True|bps=5.0|frac=False
2026-07-14,2026-07-14T14:43:00+00:00,2026-07-14T15:06:00+00:00,751.26,752.51,2.0,2.5,1.50377,0.99623,target_sampled,5,1380,close_only|rb=True|bps=5.0|frac=False
2026-07-14,2026-07-14T15:18:00+00:00,2026-07-14T16:03:00+00:00,751.91,750.1,2.0,-3.619999999999891,1.50201,-5.122009999999891,trailing_stop_sampled,6,2700,close_only|rb=True|bps=5.0|frac=False
2026-07-14,2026-07-14T16:48:00+00:00,2026-07-14T17:10:00+00:00,751.08,752.18,2.0,2.199999999999818,1.50326,0.6967399999998181,target_sampled,9,1320,close_only|rb=True|bps=5.0|frac=False
2026-07-14,2026-07-14T17:35:00+00:00,2026-07-14T19:55:00+00:00,751.9,752.1,2.0,0.40000000000009095,1.504,-1.103999999999909,end_of_day,10,8400,close_only|rb=True|bps=5.0|frac=False
2026-07-14,2026-07-14T19:59:00+00:00,2026-07-14T19:59:00+00:00,751.87,751.87,2.0,0.0,1.5037399999999999,-1.5037399999999999,end_of_day,10,0,close_only|rb=True|bps=5.0|frac=False
2026-07-15,2026-07-15T13:41:00+00:00,2026-07-15T15:16:00+00:00,754.47,752.59,2.0,-3.759999999999991,1.5070599999999998,-5.267059999999991,trailing_stop_sampled,11,5700,close_only|rb=True|bps=5.0|frac=False
2026-07-15,2026-07-15T15:22:00+00:00,2026-07-15T16:16:00+00:00,752.59,751.05,2.0,-3.0800000000001546,1.5036399999999999,-4.5836400000001545,trailing_stop_sampled,13,3240,close_only|rb=True|bps=5.0|frac=False
2026-07-15,2026-07-15T16:24:00+00:00,2026-07-15T16:50:00+00:00,750.54,751.74,2.0,2.400000000000091,1.5022799999999998,0.8977200000000911,target_sampled,14,1560,close_only|rb=True|bps=5.0|frac=False
2026-07-15,2026-07-15T16:56:00+00:00,2026-07-15T17:07:00+00:00,751.13,752.3,2.0,2.339999999999918,1.5034299999999998,0.8365699999999183,target_sampled,15,660,close_only|rb=True|bps=5.0|frac=False
2026-07-15,2026-07-15T18:46:00+00:00,2026-07-15T19:55:00+00:00,753.52,754.45,2.0,1.8600000000001273,1.50797,0.3520300000001273,end_of_day,19,4140,close_only|rb=True|bps=5.0|frac=False
2026-07-16,2026-07-16T13:30:00+00:00,2026-07-16T16:20:00+00:00,753.17,751.76,2.0,-2.8199999999999363,1.5049299999999999,-4.324929999999936,trailing_stop_sampled,19,10200,close_only|rb=True|bps=5.0|frac=False
2026-07-16,2026-07-16T16:21:00+00:00,2026-07-16T18:40:00+00:00,751.81,750.08,2.0,-3.459999999999809,1.5018899999999997,-4.9618899999998085,trailing_stop_sampled,19,8340,close_only|rb=True|bps=5.0|frac=False
2026-07-16,2026-07-16T18:41:00+00:00,2026-07-16T19:47:00+00:00,750.19,748.26,2.0,-3.8600000000001273,1.49845,-5.358450000000127,trailing_stop_sampled,19,3960,close_only|rb=True|bps=5.0|frac=False
2026-07-16,2026-07-16T19:48:00+00:00,2026-07-16T19:55:00+00:00,748.08,750.41,2.0,4.6599999999998545,1.4984899999999999,3.1615099999998546,end_of_day,19,420,close_only|rb=True|bps=5.0|frac=False
2026-07-16,2026-07-16T19:56:00+00:00,2026-07-16T19:56:00+00:00,750.35,750.35,2.0,0.0,1.5007,-1.5007,end_of_day,19,0,close_only|rb=True|bps=5.0|frac=False
2026-07-17,2026-07-17T13:30:00+00:00,2026-07-17T15:03:00+00:00,742.35,744.23,2.0,3.759999999999991,1.48658,2.273419999999991,trailing_stop_sampled,20,5580,close_only|rb=True|bps=5.0|frac=False
2026-07-17,2026-07-17T15:11:00+00:00,2026-07-17T15:29:00+00:00,744.33,745.45,2.0,2.240000000000009,1.4897800000000003,0.7502200000000088,target_sampled,22,1080,close_only|rb=True|bps=5.0|frac=False
2026-07-17,2026-07-17T15:35:00+00:00,2026-07-17T15:54:00+00:00,744.75,746.09,2.0,2.6800000000000637,1.4908400000000002,1.1891600000000635,target_sampled,23,1140,close_only|rb=True|bps=5.0|frac=False
2026-07-17,2026-07-17T16:01:00+00:00,2026-07-17T16:51:00+00:00,745.86,747.18,2.0,2.6399999999998727,1.49304,1.1469599999998727,target_sampled,24,3000,close_only|rb=True|bps=5.0|frac=False
2026-07-17,2026-07-17T17:38:00+00:00,2026-07-17T18:27:00+00:00,745.94,743.39,2.0,-5.100000000000136,1.4893299999999998,-6.589330000000136,trailing_stop_sampled,24,2940,close_only|rb=True|bps=5.0|frac=False
2026-07-17,2026-07-17T18:28:00+00:00,2026-07-17T19:55:00+00:00,743.53,744.03,2.0,1.0,1.4875599999999998,-0.48755999999999977,end_of_day,24,5220,close_only|rb=True|bps=5.0|frac=False
2026-07-17,2026-07-17T19:56:00+00:00,2026-07-17T19:56:00+00:00,744.31,744.31,2.0,0.0,1.4886199999999998,-1.4886199999999998,end_of_day,24,0,close_only|rb=True|bps=5.0|frac=False
2026-07-17,2026-07-17T19:59:00+00:00,2026-07-17T19:59:00+00:00,743.16,743.16,2.0,0.0,1.4863199999999999,-1.4863199999999999,end_of_day,25,0,close_only|rb=True|bps=5.0|frac=False
2026-07-13,2026-07-13T13:43:00+00:00,2026-07-13T16:00:00+00:00,752.74,751.05,2.656959906475011,-4.490262241942914,3.995509737758057,-8.48577197970097,trailing_stop_sampled,1,8220,close_only|rb=True|bps=10.0|frac=True
2026-07-13,2026-07-13T16:01:00+00:00,2026-07-13T18:30:00+00:00,751.21,749.01,2.6510752359796848,-5.832365519155427,3.977196090521443,-9.80956160967687,trailing_stop_sampled,1,8940,close_only|rb=True|bps=10.0|frac=True
2026-07-13,2026-07-13T18:31:00+00:00,2026-07-13T19:55:00+00:00,749.37,749.38,2.6444942637290287,0.026444942637266235,3.963435777763882,-3.9369908351266156,end_of_day,1,5040,close_only|rb=True|bps=10.0|frac=True
2026-07-13,2026-07-13T19:56:00+00:00,2026-07-13T19:56:00+00:00,749.37,749.37,2.6392405294787564,0.0,3.9555353511509916,-3.9555353511509916,end_of_day,1,0,close_only|rb=True|bps=10.0|frac=True
2026-07-14,2026-07-14T14:02:00+00:00,2026-07-14T14:34:00+00:00,750.52,752.02,2.629926104866419,3.9448891572996283,3.951569169605989,-0.0066800123063606165,target_sampled,4,1920,close_only|rb=True|bps=10.0|frac=True
2026-07-14,2026-07-14T14:43:00+00:00,2026-07-14T15:06:00+00:00,751.26,752.51,2.6273267047520674,3.2841583809400845,3.9508950788050163,-0.6667366978649318,target_sampled,5,1380,close_only|rb=True|bps=10.0|frac=True
2026-07-14,2026-07-14T15:18:00+00:00,2026-07-14T16:03:00+00:00,751.91,750.1,2.6241687482732954,-4.749745434374521,3.9415277015939725,-8.691273135968494,trailing_stop_sampled,6,2700,close_only|rb=True|bps=10.0|frac=True
2026-07-14,2026-07-14T16:48:00+00:00,2026-07-14T17:10:00+00:00,751.08,752.18,2.6154969515606923,2.8770466467165234,3.931771947403126,-1.0547253006866026,target_sampled,9,1320,close_only|rb=True|bps=10.0|frac=True
2026-07-14,2026-07-14T17:35:00+00:00,2026-07-14T19:55:00+00:00,751.9,752.1,2.611241820823937,0.5222483641649062,3.927307698519201,-3.405059334354295,end_of_day,10,8400,close_only|rb=True|bps=10.0|frac=True
2026-07-14,2026-07-14T19:59:00+00:00,2026-07-14T19:59:00+00:00,751.87,751.87,2.6068172233805895,0.0,3.9199753314863277,-3.9199753314863277,end_of_day,10,0,close_only|rb=True|bps=10.0|frac=True
2026-07-15,2026-07-15T13:41:00+00:00,2026-07-15T15:16:00+00:00,754.47,752.59,2.5926381306237194,-4.874159685572581,3.9072612211377824,-8.781420906710363,trailing_stop_sampled,11,5700,close_only|rb=True|bps=10.0|frac=True
2026-07-15,2026-07-15T15:22:00+00:00,2026-07-15T16:16:00+00:00,752.59,751.05,2.587446377848453,-3.9846674218868174,3.890587871588047,-7.875255293474865,trailing_stop_sampled,13,3240,close_only|rb=True|bps=10.0|frac=True
2026-07-15,2026-07-15T16:24:00+00:00,2026-07-15T16:50:00+00:00,750.54,751.74,2.5840208572647594,3.100825028717829,3.881922853451703,-0.781097824733874,target_sampled,14,1560,close_only|rb=True|bps=10.0|frac=True
2026-07-15,2026-07-15T16:56:00+00:00,2026-07-15T17:07:00+00:00,751.13,752.3,2.5809512552910396,3.0197129686904107,3.8802795457422072,-0.8605665770517965,target_sampled,15,660,close_only|rb=True|bps=10.0|frac=True
2026-07-15,2026-07-15T18:46:00+00:00,2026-07-15T19:55:00+00:00,753.52,754.45,2.5716229825481833,2.3916093737699744,3.877930308993184,-1.4863209352232096,end_of_day,19,4140,close_only|rb=True|bps=10.0|frac=True
2026-07-16,2026-07-16T13:30:00+00:00,2026-07-16T16:20:00+00:00,753.17,751.76,2.570844601981603,-3.624890888793978,3.8689411668601736,-7.493832055654152,trailing_stop_sampled,19,10200,close_only|rb=True|bps=10.0|frac=True
2026-07-16,2026-07-16T16:21:00+00:00,2026-07-16T18:40:00+00:00,751.81,750.08,2.56552745616423,-4.438362499163873,3.8531400311384947,-8.291502530302367,trailing_stop_sampled,19,8340,close_only|rb=True|bps=10.0|frac=True
2026-07-16,2026-07-16T18:41:00+00:00,2026-07-16T19:47:00+00:00,750.19,748.26,2.560015055237376,-4.940829056608298,3.8360545595204463,-8.776883616128744,trailing_stop_sampled,19,3960,close_only|rb=True|bps=10.0|frac=True
2026-07-16,2026-07-16T19:48:00+00:00,2026-07-16T19:55:00+00:00,748.08,750.41,2.555503169009195,5.954322383791238,3.8293959437285885,2.1249264400626497,end_of_day,19,420,close_only|rb=True|bps=10.0|frac=True
2026-07-16,2026-07-16T19:56:00+00:00,2026-07-16T19:56:00+00:00,750.35,750.35,2.55060403426729,0.0,3.8276914742249226,-3.8276914742249226,end_of_day,19,0,close_only|rb=True|bps=10.0|frac=True
2026-07-17,2026-07-17T13:30:00+00:00,2026-07-17T15:03:00+00:00,742.35,744.23,2.572934661060465,4.837117162793663,3.8248732084392656,1.0122439543543975,trailing_stop_sampled,20,5580,close_only|rb=True|bps=10.0|frac=True
2026-07-17,2026-07-17T15:11:00+00:00,2026-07-17T15:29:00+00:00,744.33,745.45,2.567450310470612,2.875544347727097,3.824936123532909,-0.9493917758058119,target_sampled,22,1080,close_only|rb=True|bps=10.0|frac=True
2026-07-17,2026-07-17T15:35:00+00:00,2026-07-17T15:54:00+00:00,744.75,746.09,2.564727623788902,3.4367350158772103,3.823598530649447,-0.3868635147722368,target_sampled,23,1140,close_only|rb=True|bps=10.0|frac=True
2026-07-17,2026-07-17T16:01:00+00:00,2026-07-17T16:51:00+00:00,745.86,747.18,2.560392076665879,3.3797175411987976,3.8227677861452243,-0.44305024494642664,target_sampled,24,3000,close_only|rb=True|bps=10.0|frac=True
2026-07-17,2026-07-17T17:38:00+00:00,2026-07-17T18:27:00+00:00,745.94,743.39,2.559523532800314,-6.526785008640975,3.811975183105491,-10.338760191746466,trailing_stop_sampled,24,2940,close_only|rb=True|bps=10.0|frac=True
2026-07-17,2026-07-17T18:28:00+00:00,2026-07-17T19:55:00+00:00,743.53,744.03,2.5539147362787245,1.2769573681393622,3.799101405098779,-2.522144036959417,end_of_day,24,5220,close_only|rb=True|bps=10.0|frac=True
2026-07-17,2026-07-17T19:56:00+00:00,2026-07-17T19:56:00+00:00,744.31,744.31,2.5478497935381235,0.0,3.7927801596567208,-3.7927801596567208,end_of_day,24,0,close_only|rb=True|bps=10.0|frac=True
2026-07-17,2026-07-17T19:59:00+00:00,2026-07-17T19:59:00+00:00,743.16,743.16,2.5466888687075513,0.0,3.7851945993374074,-3.7851945993374074,end_of_day,25,0,close_only|rb=True|bps=10.0|frac=True
2026-07-13,2026-07-13T13:43:00+00:00,2026-07-13T16:00:00+00:00,752.74,751.05,2.0,-3.380000000000109,3.00758,-6.387580000000109,trailing_stop_sampled,1,8220,close_only|rb=True|bps=10.0|frac=False
2026-07-13,2026-07-13T16:01:00+00:00,2026-07-13T18:30:00+00:00,751.21,749.01,2.0,-4.400000000000091,3.00044,-7.400440000000091,trailing_stop_sampled,1,8940,close_only|rb=True|bps=10.0|frac=False
2026-07-13,2026-07-13T18:31:00+00:00,2026-07-13T19:55:00+00:00,749.37,749.38,2.0,0.01999999999998181,2.9975,-2.9775000000000182,end_of_day,1,5040,close_only|rb=True|bps=10.0|frac=False
2026-07-13,2026-07-13T19:56:00+00:00,2026-07-13T19:56:00+00:00,749.37,749.37,2.0,0.0,2.99748,-2.99748,end_of_day,1,0,close_only|rb=True|bps=10.0|frac=False
2026-07-14,2026-07-14T14:02:00+00:00,2026-07-14T14:34:00+00:00,750.52,752.02,2.0,3.0,3.00508,-0.005079999999999973,target_sampled,4,1920,close_only|rb=True|bps=10.0|frac=False
2026-07-14,2026-07-14T14:43:00+00:00,2026-07-14T15:06:00+00:00,751.26,752.51,2.0,2.5,3.00754,-0.5075400000000001,target_sampled,5,1380,close_only|rb=True|bps=10.0|frac=False
2026-07-14,2026-07-14T15:18:00+00:00,2026-07-14T16:03:00+00:00,751.91,750.1,2.0,-3.619999999999891,3.00402,-6.624019999999891,trailing_stop_sampled,6,2700,close_only|rb=True|bps=10.0|frac=False
2026-07-14,2026-07-14T16:48:00+00:00,2026-07-14T17:10:00+00:00,751.08,752.18,2.0,2.199999999999818,3.00652,-0.806520000000182,target_sampled,9,1320,close_only|rb=True|bps=10.0|frac=False
2026-07-14,2026-07-14T17:35:00+00:00,2026-07-14T19:55:00+00:00,751.9,752.1,2.0,0.40000000000009095,3.008,-2.607999999999909,end_of_day,10,8400,close_only|rb=True|bps=10.0|frac=False
2026-07-14,2026-07-14T19:59:00+00:00,2026-07-14T19:59:00+00:00,751.87,751.87,2.0,0.0,3.0074799999999997,-3.0074799999999997,end_of_day,10,0,close_only|rb=True|bps=10.0|frac=False
2026-07-15,2026-07-15T13:41:00+00:00,2026-07-15T15:16:00+00:00,754.47,752.59,2.0,-3.759999999999991,3.0141199999999997,-6.774119999999991,trailing_stop_sampled,11,5700,close_only|rb=True|bps=10.0|frac=False
2026-07-15,2026-07-15T15:22:00+00:00,2026-07-15T16:16:00+00:00,752.59,751.05,2.0,-3.0800000000001546,3.0072799999999997,-6.087280000000154,trailing_stop_sampled,13,3240,close_only|rb=True|bps=10.0|frac=False
2026-07-15,2026-07-15T16:24:00+00:00,2026-07-15T16:50:00+00:00,750.54,751.74,2.0,2.400000000000091,3.0045599999999997,-0.6045599999999087,target_sampled,14,1560,close_only|rb=True|bps=10.0|frac=False
2026-07-15,2026-07-15T16:56:00+00:00,2026-07-15T17:07:00+00:00,751.13,752.3,2.0,2.339999999999918,3.0068599999999996,-0.6668600000000815,target_sampled,15,660,close_only|rb=True|bps=10.0|frac=False
2026-07-15,2026-07-15T18:46:00+00:00,2026-07-15T19:55:00+00:00,753.52,754.45,2.0,1.8600000000001273,3.01594,-1.1559399999998727,end_of_day,19,4140,close_only|rb=True|bps=10.0|frac=False
2026-07-16,2026-07-16T13:30:00+00:00,2026-07-16T16:20:00+00:00,753.17,751.76,2.0,-2.8199999999999363,3.0098599999999998,-5.829859999999936,trailing_stop_sampled,19,10200,close_only|rb=True|bps=10.0|frac=False
2026-07-16,2026-07-16T16:21:00+00:00,2026-07-16T18:40:00+00:00,751.81,750.08,2.0,-3.459999999999809,3.0037799999999995,-6.463779999999808,trailing_stop_sampled,19,8340,close_only|rb=True|bps=10.0|frac=False
2026-07-16,2026-07-16T18:41:00+00:00,2026-07-16T19:47:00+00:00,750.19,748.26,2.0,-3.8600000000001273,2.9969,-6.8569000000001274,trailing_stop_sampled,19,3960,close_only|rb=True|bps=10.0|frac=False
2026-07-16,2026-07-16T19:48:00+00:00,2026-07-16T19:55:00+00:00,748.08,750.41,2.0,4.6599999999998545,2.9969799999999998,1.6630199999998547,end_of_day,19,420,close_only|rb=True|bps=10.0|frac=False
2026-07-16,2026-07-16T19:56:00+00:00,2026-07-16T19:56:00+00:00,750.35,750.35,2.0,0.0,3.0014,-3.0014,end_of_day,19,0,close_only|rb=True|bps=10.0|frac=False
2026-07-17,2026-07-17T13:30:00+00:00,2026-07-17T15:03:00+00:00,742.35,744.23,2.0,3.759999999999991,2.97316,0.7868399999999909,trailing_stop_sampled,20,5580,close_only|rb=True|bps=10.0|frac=False
2026-07-17,2026-07-17T15:11:00+00:00,2026-07-17T15:29:00+00:00,744.33,745.45,2.0,2.240000000000009,2.9795600000000007,-0.7395599999999916,target_sampled,22,1080,close_only|rb=True|bps=10.0|frac=False
2026-07-17,2026-07-17T15:35:00+00:00,2026-07-17T15:54:00+00:00,744.75,746.09,2.0,2.6800000000000637,2.9816800000000003,-0.30167999999993667,target_sampled,23,1140,close_only|rb=True|bps=10.0|frac=False
2026-07-17,2026-07-17T16:01:00+00:00,2026-07-17T16:51:00+00:00,745.86,747.18,2.0,2.6399999999998727,2.98608,-0.3460800000001272,target_sampled,24,3000,close_only|rb=True|bps=10.0|frac=False
2026-07-17,2026-07-17T17:38:00+00:00,2026-07-17T18:27:00+00:00,745.94,743.39,2.0,-5.100000000000136,2.9786599999999996,-8.078660000000136,trailing_stop_sampled,24,2940,close_only|rb=True|bps=10.0|frac=False
2026-07-17,2026-07-17T18:28:00+00:00,2026-07-17T19:55:00+00:00,743.53,744.03,2.0,1.0,2.9751199999999995,-1.9751199999999995,end_of_day,24,5220,close_only|rb=True|bps=10.0|frac=False
2026-07-17,2026-07-17T19:56:00+00:00,2026-07-17T19:56:00+00:00,744.31,744.31,2.0,0.0,2.9772399999999997,-2.9772399999999997,end_of_day,24,0,close_only|rb=True|bps=10.0|frac=False
2026-07-17,2026-07-17T19:59:00+00:00,2026-07-17T19:59:00+00:00,743.16,743.16,2.0,0.0,2.9726399999999997,-2.9726399999999997,end_of_day,25,0,close_only|rb=True|bps=10.0|frac=False
2026-07-13,2026-07-13T14:16:00+00:00,2026-07-13T14:29:00+00:00,751.4,753.09,2.6616981634282673,4.498269896193917,0.0,4.498269896193917,target_sampled,0,780,close_only|rb=False|bps=0.0|frac=True
2026-07-13,2026-07-13T14:40:00+00:00,2026-07-13T15:00:00+00:00,751.83,752.97,2.6661589320673476,3.03942118255674,0.0,3.03942118255674,target_sampled,0,1200,close_only|rb=False|bps=0.0|frac=True
2026-07-13,2026-07-13T15:15:00+00:00,2026-07-13T16:30:00+00:00,751.92,749.8,2.669882023458281,-5.660149889731568,0.0,-5.660149889731568,trailing_stop_sampled,0,4500,close_only|rb=False|bps=0.0|frac=True
2026-07-13,2026-07-13T16:31:00+00:00,2026-07-13T19:55:00+00:00,749.92,749.38,2.6694547967636804,-1.4415055902522902,0.0,-1.4415055902522902,end_of_day,0,12240,close_only|rb=False|bps=0.0|frac=True
2026-07-13,2026-07-13T19:56:00+00:00,2026-07-13T19:56:00+00:00,749.37,749.37,2.669490419417333,0.0,0.0,0.0,end_of_day,0,0,close_only|rb=False|bps=0.0|frac=True
2026-07-13,2026-07-13T19:57:00+00:00,2026-07-13T19:57:00+00:00,749.47,749.47,2.6691342356582206,0.0,0.0,0.0,end_of_day,0,0,close_only|rb=False|bps=0.0|frac=True
2026-07-13,2026-07-13T19:58:00+00:00,2026-07-13T19:58:00+00:00,749.59,749.59,2.668706940592546,0.0,0.0,0.0,end_of_day,0,0,close_only|rb=False|bps=0.0|frac=True
2026-07-13,2026-07-13T19:59:00+00:00,2026-07-13T19:59:00+00:00,749.1,749.1,2.6704525905737104,0.0,0.0,0.0,end_of_day,0,0,close_only|rb=False|bps=0.0|frac=True
2026-07-14,2026-07-14T13:30:00+00:00,2026-07-14T15:08:00+00:00,750.6,752.97,2.6651159547012613,6.3163248126420015,0.0,6.3163248126420015,target_sampled,0,5880,close_only|rb=False|bps=0.0|frac=True
2026-07-14,2026-07-14T15:18:00+00:00,2026-07-14T16:03:00+00:00,751.91,750.1,2.6688730837618984,-4.830660281608891,0.0,-4.830660281608891,trailing_stop_sampled,0,2700,close_only|rb=False|bps=0.0|frac=True
2026-07-14,2026-07-14T16:04:00+00:00,2026-07-14T19:55:00+00:00,750.32,752.1,2.6680905482058317,4.7492011758063075,0.0,4.7492011758063075,end_of_day,0,13860,close_only|rb=False|bps=0.0|frac=True
2026-07-14,2026-07-14T19:59:00+00:00,2026-07-14T19:59:00+00:00,751.87,751.87,2.6689067276332428,0.0,0.0,0.0,end_of_day,0,0,close_only|rb=False|bps=0.0|frac=True
2026-07-15,2026-07-15T16:03:00+00:00,2026-07-15T17:31:00+00:00,751.85,752.97,2.6689777233565284,2.989255050159324,0.0,2.989255050159324,target_sampled,0,5280,close_only|rb=False|bps=0.0|frac=True
2026-07-16,2026-07-16T13:38:00+00:00,2026-07-16T14:07:00+00:00,751.83,752.98,2.6730246948854997,3.0739783991182636,0.0,3.0739783991182636,target_sampled,0,1740,close_only|rb=False|bps=0.0|frac=True
2026-07-16,2026-07-16T16:20:00+00:00,2026-07-16T18:40:00+00:00,751.76,750.08,2.6773626353555438,-4.49796922739718,0.0,-4.49796922739718,trailing_stop_sampled,0,8400,close_only|rb=False|bps=0.0|frac=True
2026-07-16,2026-07-16T18:41:00+00:00,2026-07-16T19:47:00+00:00,750.19,748.26,2.6769700549560596,-5.166552206065365,0.0,-5.166552206065365,trailing_stop_sampled,0,3960,close_only|rb=False|bps=0.0|frac=True
2026-07-16,2026-07-16T19:48:00+00:00,2026-07-16T19:55:00+00:00,748.08,750.41,2.6776141767209674,6.238841031759659,0.0,6.238841031759659,end_of_day,0,420,close_only|rb=False|bps=0.0|frac=True
2026-07-16,2026-07-16T19:56:00+00:00,2026-07-16T19:56:00+00:00,750.35,750.35,2.6778282859374705,0.0,0.0,0.0,end_of_day,0,0,close_only|rb=False|bps=0.0|frac=True
2026-07-16,2026-07-16T19:57:00+00:00,2026-07-16T19:57:00+00:00,750.21,750.21,2.6783280072955318,0.0,0.0,0.0,end_of_day,0,0,close_only|rb=False|bps=0.0|frac=True
2026-07-16,2026-07-16T19:58:00+00:00,2026-07-16T19:58:00+00:00,750.51,750.51,2.6772574041027846,0.0,0.0,0.0,end_of_day,0,0,close_only|rb=False|bps=0.0|frac=True
2026-07-16,2026-07-16T19:59:00+00:00,2026-07-16T19:59:00+00:00,750.76,750.76,2.6763658883706922,0.0,0.0,0.0,end_of_day,0,0,close_only|rb=False|bps=0.0|frac=True
2026-07-17,2026-07-17T13:30:00+00:00,2026-07-17T15:03:00+00:00,742.35,744.23,2.7066861377425484,5.088569938955978,0.0,5.088569938955978,trailing_stop_sampled,0,5580,close_only|rb=False|bps=0.0|frac=True
2026-07-17,2026-07-17T15:04:00+00:00,2026-07-17T17:56:00+00:00,744.23,744.56,2.7066861377425484,0.8932064254548441,0.0,0.8932064254548441,trailing_stop_sampled,0,10320,close_only|rb=False|bps=0.0|frac=True
2026-07-17,2026-07-17T17:57:00+00:00,2026-07-17T19:24:00+00:00,744.55,742.36,2.7067224910584806,-5.927722255417913,0.0,-5.927722255417913,trailing_stop_sampled,0,5220,close_only|rb=False|bps=0.0|frac=True
2026-07-17,2026-07-17T19:25:00+00:00,2026-07-17T19:55:00+00:00,742.22,744.03,2.7072330420389825,4.900091806090411,0.0,4.900091806090411,end_of_day,0,1800,close_only|rb=False|bps=0.0|frac=True
2026-07-17,2026-07-17T19:56:00+00:00,2026-07-17T19:56:00+00:00,744.31,744.31,2.7062146152386295,0.0,0.0,0.0,end_of_day,0,0,close_only|rb=False|bps=0.0|frac=True
2026-07-17,2026-07-17T19:57:00+00:00,2026-07-17T19:57:00+00:00,744.07,744.07,2.707087505568379,0.0,0.0,0.0,end_of_day,0,0,close_only|rb=False|bps=0.0|frac=True
2026-07-17,2026-07-17T19:58:00+00:00,2026-07-17T19:58:00+00:00,744.01,744.01,2.707305816142611,0.0,0.0,0.0,end_of_day,0,0,close_only|rb=False|bps=0.0|frac=True
2026-07-17,2026-07-17T19:59:00+00:00,2026-07-17T19:59:00+00:00,743.16,743.16,2.7104023363316974,0.0,0.0,0.0,end_of_day,0,0,close_only|rb=False|bps=0.0|frac=True
2026-07-13,2026-07-13T14:16:00+00:00,2026-07-13T14:29:00+00:00,751.4,753.09,2.0,3.380000000000109,0.0,3.380000000000109,target_sampled,0,780,close_only|rb=False|bps=0.0|frac=False
2026-07-13,2026-07-13T14:40:00+00:00,2026-07-13T15:00:00+00:00,751.83,752.97,2.0,2.2799999999999727,0.0,2.2799999999999727,target_sampled,0,1200,close_only|rb=False|bps=0.0|frac=False
2026-07-13,2026-07-13T15:15:00+00:00,2026-07-13T16:30:00+00:00,751.92,749.8,2.0,-4.240000000000009,0.0,-4.240000000000009,trailing_stop_sampled,0,4500,close_only|rb=False|bps=0.0|frac=False
2026-07-13,2026-07-13T16:31:00+00:00,2026-07-13T19:55:00+00:00,749.92,749.38,2.0,-1.0799999999999272,0.0,-1.0799999999999272,end_of_day,0,12240,close_only|rb=False|bps=0.0|frac=False
2026-07-13,2026-07-13T19:56:00+00:00,2026-07-13T19:56:00+00:00,749.37,749.37,2.0,0.0,0.0,0.0,end_of_day,0,0,close_only|rb=False|bps=0.0|frac=False
2026-07-13,2026-07-13T19:57:00+00:00,2026-07-13T19:57:00+00:00,749.47,749.47,2.0,0.0,0.0,0.0,end_of_day,0,0,close_only|rb=False|bps=0.0|frac=False
2026-07-13,2026-07-13T19:58:00+00:00,2026-07-13T19:58:00+00:00,749.59,749.59,2.0,0.0,0.0,0.0,end_of_day,0,0,close_only|rb=False|bps=0.0|frac=False
2026-07-13,2026-07-13T19:59:00+00:00,2026-07-13T19:59:00+00:00,749.1,749.1,2.0,0.0,0.0,0.0,end_of_day,0,0,close_only|rb=False|bps=0.0|frac=False
2026-07-14,2026-07-14T13:30:00+00:00,2026-07-14T15:08:00+00:00,750.6,752.97,2.0,4.740000000000009,0.0,4.740000000000009,target_sampled,0,5880,close_only|rb=False|bps=0.0|frac=False
2026-07-14,2026-07-14T15:18:00+00:00,2026-07-14T16:03:00+00:00,751.91,750.1,2.0,-3.619999999999891,0.0,-3.619999999999891,trailing_stop_sampled,0,2700,close_only|rb=False|bps=0.0|frac=False
2026-07-14,2026-07-14T16:04:00+00:00,2026-07-14T19:55:00+00:00,750.32,752.1,2.0,3.5599999999999454,0.0,3.5599999999999454,end_of_day,0,13860,close_only|rb=False|bps=0.0|frac=False
2026-07-14,2026-07-14T19:59:00+00:00,2026-07-14T19:59:00+00:00,751.87,751.87,2.0,0.0,0.0,0.0,end_of_day,0,0,close_only|rb=False|bps=0.0|frac=False
2026-07-15,2026-07-15T16:03:00+00:00,2026-07-15T17:31:00+00:00,751.85,752.97,2.0,2.240000000000009,0.0,2.240000000000009,target_sampled,0,5280,close_only|rb=False|bps=0.0|frac=False
2026-07-16,2026-07-16T13:38:00+00:00,2026-07-16T14:07:00+00:00,751.83,752.98,2.0,2.2999999999999545,0.0,2.2999999999999545,target_sampled,0,1740,close_only|rb=False|bps=0.0|frac=False
2026-07-16,2026-07-16T16:20:00+00:00,2026-07-16T18:40:00+00:00,751.76,750.08,2.0,-3.3599999999999,0.0,-3.3599999999999,trailing_stop_sampled,0,8400,close_only|rb=False|bps=0.0|frac=False
2026-07-16,2026-07-16T18:41:00+00:00,2026-07-16T19:47:00+00:00,750.19,748.26,2.0,-3.8600000000001273,0.0,-3.8600000000001273,trailing_stop_sampled,0,3960,close_only|rb=False|bps=0.0|frac=False
2026-07-16,2026-07-16T19:48:00+00:00,2026-07-16T19:55:00+00:00,748.08,750.41,2.0,4.6599999999998545,0.0,4.6599999999998545,end_of_day,0,420,close_only|rb=False|bps=0.0|frac=False
2026-07-16,2026-07-16T19:56:00+00:00,2026-07-16T19:56:00+00:00,750.35,750.35,2.0,0.0,0.0,0.0,end_of_day,0,0,close_only|rb=False|bps=0.0|frac=False
2026-07-16,2026-07-16T19:57:00+00:00,2026-07-16T19:57:00+00:00,750.21,750.21,2.0,0.0,0.0,0.0,end_of_day,0,0,close_only|rb=False|bps=0.0|frac=False
2026-07-16,2026-07-16T19:58:00+00:00,2026-07-16T19:58:00+00:00,750.51,750.51,2.0,0.0,0.0,0.0,end_of_day,0,0,close_only|rb=False|bps=0.0|frac=False
2026-07-16,2026-07-16T19:59:00+00:00,2026-07-16T19:59:00+00:00,750.76,750.76,2.0,0.0,0.0,0.0,end_of_day,0,0,close_only|rb=False|bps=0.0|frac=False
2026-07-17,2026-07-17T13:30:00+00:00,2026-07-17T15:03:00+00:00,742.35,744.23,2.0,3.759999999999991,0.0,3.759999999999991,trailing_stop_sampled,0,5580,close_only|rb=False|bps=0.0|frac=False
2026-07-17,2026-07-17T15:04:00+00:00,2026-07-17T17:56:00+00:00,744.23,744.56,2.0,0.6599999999998545,0.0,0.6599999999998545,trailing_stop_sampled,0,10320,close_only|rb=False|bps=0.0|frac=False
2026-07-17,2026-07-17T17:57:00+00:00,2026-07-17T19:24:00+00:00,744.55,742.36,2.0,-4.379999999999882,0.0,-4.379999999999882,trailing_stop_sampled,0,5220,close_only|rb=False|bps=0.0|frac=False
2026-07-17,2026-07-17T19:25:00+00:00,2026-07-17T19:55:00+00:00,742.22,744.03,2.0,3.619999999999891,0.0,3.619999999999891,end_of_day,0,1800,close_only|rb=False|bps=0.0|frac=False
2026-07-17,2026-07-17T19:56:00+00:00,2026-07-17T19:56:00+00:00,744.31,744.31,2.0,0.0,0.0,0.0,end_of_day,0,0,close_only|rb=False|bps=0.0|frac=False
2026-07-17,2026-07-17T19:57:00+00:00,2026-07-17T19:57:00+00:00,744.07,744.07,2.0,0.0,0.0,0.0,end_of_day,0,0,close_only|rb=False|bps=0.0|frac=False
2026-07-17,2026-07-17T19:58:00+00:00,2026-07-17T19:58:00+00:00,744.01,744.01,2.0,0.0,0.0,0.0,end_of_day,0,0,close_only|rb=False|bps=0.0|frac=False
2026-07-17,2026-07-17T19:59:00+00:00,2026-07-17T19:59:00+00:00,743.16,743.16,2.0,0.0,0.0,0.0,end_of_day,0,0,close_only|rb=False|bps=0.0|frac=False
2026-07-13,2026-07-13T14:16:00+00:00,2026-07-13T14:29:00+00:00,751.4,753.09,2.6616981634282673,4.498269896193917,0.4004498269896194,4.097820069204298,target_sampled,0,780,close_only|rb=False|bps=1.0|frac=True
2026-07-13,2026-07-13T14:40:00+00:00,2026-07-13T15:00:00+00:00,751.83,752.97,2.6656262985903783,3.038813980392995,0.40112344541188016,2.6376905349811146,target_sampled,0,1200,close_only|rb=False|bps=1.0|frac=True
2026-07-13,2026-07-13T15:15:00+00:00,2026-07-13T16:30:00+00:00,751.92,749.8,2.668815180609886,-5.657888182892971,0.4007813133025478,-6.0586694961955185,trailing_stop_sampled,0,4500,close_only|rb=False|bps=1.0|frac=True
2026-07-13,2026-07-13T16:31:00+00:00,2026-07-13T19:55:00+00:00,749.92,749.38,2.6678536925378573,-1.440640993970346,0.3999913041222009,-1.840632298092547,end_of_day,0,12240,close_only|rb=False|bps=1.0|frac=True
2026-07-13,2026-07-13T19:56:00+00:00,2026-07-13T19:56:00+00:00,749.37,749.37,2.6673555237197877,0.0,0.3997672417619795,-0.3997672417619795,end_of_day,0,0,close_only|rb=False|bps=1.0|frac=True
2026-07-13,2026-07-13T19:57:00+00:00,2026-07-13T19:57:00+00:00,749.47,749.47,2.6664662248897693,0.0,0.3996872883136271,-0.3996872883136271,end_of_day,0,0,close_only|rb=False|bps=1.0|frac=True
2026-07-13,2026-07-13T19:58:00+00:00,2026-07-13T19:58:00+00:00,749.59,749.59,2.6655061490679195,0.0,0.3996073508559644,-0.3996073508559644,end_of_day,0,0,close_only|rb=False|bps=1.0|frac=True
2026-07-13,2026-07-13T19:59:00+00:00,2026-07-13T19:59:00+00:00,749.1,749.1,2.666716255411782,0.0,0.39952742938579316,-0.39952742938579316,end_of_day,0,0,close_only|rb=False|bps=1.0|frac=True
2026-07-14,2026-07-14T13:30:00+00:00,2026-07-14T15:08:00+00:00,750.6,752.97,2.6608548088190513,6.3062258969011635,0.40007814648960616,5.906147750411558,target_sampled,0,5880,close_only|rb=False|bps=1.0|frac=True
2026-07-14,2026-07-14T15:18:00+00:00,2026-07-14T16:03:00+00:00,751.91,750.1,2.6640738482664035,-4.821973665362045,0.40014655608346206,-5.222120221445508,trailing_stop_sampled,0,2700,close_only|rb=False|bps=1.0|frac=True
2026-07-14,2026-07-14T16:04:00+00:00,2026-07-14T19:55:00+00:00,750.32,752.1,2.6627594186860883,4.7397117652611644,0.40005830058223535,4.339653464678929,end_of_day,0,13860,close_only|rb=False|bps=1.0|frac=True
2026-07-14,2026-07-14T19:59:00+00:00,2026-07-14T19:59:00+00:00,751.87,751.87,2.6630418828962785,0.0,0.400452260098645,-0.400452260098645,end_of_day,0,0,close_only|rb=False|bps=1.0|frac=True
2026-07-15,2026-07-15T16:03:00+00:00,2026-07-15T17:31:00+00:00,751.85,752.97,2.6625801000640106,2.982089712071704,0.40067037861783245,2.5814193334538715,target_sampled,0,5280,close_only|rb=False|bps=1.0|frac=True
2026-07-16,2026-07-16T13:38:00+00:00,2026-07-16T14:07:00+00:00,751.83,752.98,2.666084444045303,3.0659971106520376,0.4011950532243812,2.6648020574276563,target_sampled,0,1740,close_only|rb=False|bps=1.0|frac=True
2026-07-16,2026-07-16T16:20:00+00:00,2026-07-16T18:40:00+00:00,751.76,750.08,2.669877447089507,-4.485394111110238,0.4009728745136905,-4.886366985623928,trailing_stop_sampled,0,8400,close_only|rb=False|bps=1.0|frac=True
2026-07-16,2026-07-16T18:41:00+00:00,2026-07-16T19:47:00+00:00,750.19,748.26,2.6689514691456613,-5.151076335451296,0.3999290328941316,-5.551005368345427,trailing_stop_sampled,0,3960,close_only|rb=False|bps=1.0|frac=True
2026-07-16,2026-07-16T19:48:00+00:00,2026-07-16T19:55:00+00:00,748.08,750.41,2.6690590542054835,6.218907596298583,0.3999558302136375,5.818951766084945,end_of_day,0,420,close_only|rb=False|bps=1.0|frac=True
2026-07-16,2026-07-16T19:56:00+00:00,2026-07-16T19:56:00+00:00,750.35,750.35,2.668739453636467,0.0,0.40049772980722464,-0.40049772980722464,end_of_day,0,0,close_only|rb=False|bps=1.0|frac=True
2026-07-16,2026-07-16T19:57:00+00:00,2026-07-16T19:57:00+00:00,750.21,750.21,2.6687036313916312,0.0,0.40041763026126315,-0.40041763026126315,end_of_day,0,0,close_only|rb=False|bps=1.0|frac=True
2026-07-16,2026-07-16T19:58:00+00:00,2026-07-16T19:58:00+00:00,750.51,750.51,2.667103347958128,0.0,0.40033754673521094,-0.40033754673521094,end_of_day,0,0,close_only|rb=False|bps=1.0|frac=True
2026-07-16,2026-07-16T19:59:00+00:00,2026-07-16T19:59:00+00:00,750.76,750.76,2.6656819704423778,0.0,0.40025747922586385,-0.40025747922586385,end_of_day,0,0,close_only|rb=False|bps=1.0|frac=True
2026-07-17,2026-07-17T13:30:00+00:00,2026-07-17T15:03:00+00:00,742.35,744.23,2.6953420066681395,5.06724297253609,0.4006841520272723,4.6665588205088175,trailing_stop_sampled,0,5580,close_only|rb=False|bps=1.0|frac=True
2026-07-17,2026-07-17T15:04:00+00:00,2026-07-17T17:56:00+00:00,744.23,744.56,2.694803619137366,0.8892851943151348,0.4011996680135519,0.48808552630158286,trailing_stop_sampled,0,10320,close_only|rb=False|bps=1.0|frac=True
2026-07-17,2026-07-17T17:57:00+00:00,2026-07-17T19:24:00+00:00,744.55,742.36,2.6943009643367186,-5.900519111897254,0.400618304688191,-6.301137416585445,trailing_stop_sampled,0,5220,close_only|rb=False|bps=1.0|frac=True
2026-07-17,2026-07-17T19:25:00+00:00,2026-07-17T19:55:00+00:00,742.22,744.03,2.694269415510655,4.876627642074139,0.4004357918802711,4.476191850193867,end_of_day,0,1800,close_only|rb=False|bps=1.0|frac=True
2026-07-17,2026-07-17T19:56:00+00:00,2026-07-17T19:56:00+00:00,744.31,744.31,2.692717869477116,0.0,0.40084336748610244,-0.40084336748610244,end_of_day,0,0,close_only|rb=False|bps=1.0|frac=True
2026-07-17,2026-07-17T19:57:00+00:00,2026-07-17T19:57:00+00:00,744.07,744.07,2.6930476891462174,0.0,0.40076319881260525,-0.40076319881260525,end_of_day,0,0,close_only|rb=False|bps=1.0|frac=True
2026-07-17,2026-07-17T19:58:00+00:00,2026-07-17T19:58:00+00:00,744.01,744.01,2.6927262145189093,0.0,0.4006830461728427,-0.4006830461728427,end_of_day,0,0,close_only|rb=False|bps=1.0|frac=True
2026-07-17,2026-07-17T19:59:00+00:00,2026-07-17T19:59:00+00:00,743.16,743.16,2.695266897865925,0.0,0.4006029095636081,-0.4006029095636081,end_of_day,0,0,close_only|rb=False|bps=1.0|frac=True
2026-07-13,2026-07-13T14:16:00+00:00,2026-07-13T14:29:00+00:00,751.4,753.09,2.0,3.380000000000109,0.300898,3.079102000000109,target_sampled,0,780,close_only|rb=False|bps=1.0|frac=False
2026-07-13,2026-07-13T14:40:00+00:00,2026-07-13T15:00:00+00:00,751.83,752.97,2.0,2.2799999999999727,0.30096000000000006,1.9790399999999726,target_sampled,0,1200,close_only|rb=False|bps=1.0|frac=False
2026-07-13,2026-07-13T15:15:00+00:00,2026-07-13T16:30:00+00:00,751.92,749.8,2.0,-4.240000000000009,0.30034399999999994,-4.540344000000009,trailing_stop_sampled,0,4500,close_only|rb=False|bps=1.0|frac=False
2026-07-13,2026-07-13T16:31:00+00:00,2026-07-13T19:55:00+00:00,749.92,749.38,2.0,-1.0799999999999272,0.29986,-1.3798599999999273,end_of_day,0,12240,close_only|rb=False|bps=1.0|frac=False
2026-07-13,2026-07-13T19:56:00+00:00,2026-07-13T19:56:00+00:00,749.37,749.37,2.0,0.0,0.299748,-0.299748,end_of_day,0,0,close_only|rb=False|bps=1.0|frac=False
2026-07-13,2026-07-13T19:57:00+00:00,2026-07-13T19:57:00+00:00,749.47,749.47,2.0,0.0,0.299788,-0.299788,end_of_day,0,0,close_only|rb=False|bps=1.0|frac=False
2026-07-13,2026-07-13T19:58:00+00:00,2026-07-13T19:58:00+00:00,749.59,749.59,2.0,0.0,0.299836,-0.299836,end_of_day,0,0,close_only|rb=False|bps=1.0|frac=False
2026-07-13,2026-07-13T19:59:00+00:00,2026-07-13T19:59:00+00:00,749.1,749.1,2.0,0.0,0.29964,-0.29964,end_of_day,0,0,close_only|rb=False|bps=1.0|frac=False
2026-07-14,2026-07-14T13:30:00+00:00,2026-07-14T15:08:00+00:00,750.6,752.97,2.0,4.740000000000009,0.30071400000000004,4.439286000000009,target_sampled,0,5880,close_only|rb=False|bps=1.0|frac=False
2026-07-14,2026-07-14T15:18:00+00:00,2026-07-14T16:03:00+00:00,751.91,750.1,2.0,-3.619999999999891,0.300402,-3.920401999999891,trailing_stop_sampled,0,2700,close_only|rb=False|bps=1.0|frac=False
2026-07-14,2026-07-14T16:04:00+00:00,2026-07-14T19:55:00+00:00,750.32,752.1,2.0,3.5599999999999454,0.30048400000000003,3.2595159999999455,end_of_day,0,13860,close_only|rb=False|bps=1.0|frac=False
2026-07-14,2026-07-14T19:59:00+00:00,2026-07-14T19:59:00+00:00,751.87,751.87,2.0,0.0,0.300748,-0.300748,end_of_day,0,0,close_only|rb=False|bps=1.0|frac=False
2026-07-15,2026-07-15T16:03:00+00:00,2026-07-15T17:31:00+00:00,751.85,752.97,2.0,2.240000000000009,0.300964,1.939036000000009,target_sampled,0,5280,close_only|rb=False|bps=1.0|frac=False
2026-07-16,2026-07-16T13:38:00+00:00,2026-07-16T14:07:00+00:00,751.83,752.98,2.0,2.2999999999999545,0.300962,1.9990379999999546,target_sampled,0,1740,close_only|rb=False|bps=1.0|frac=False
2026-07-16,2026-07-16T16:20:00+00:00,2026-07-16T18:40:00+00:00,751.76,750.08,2.0,-3.3599999999999,0.300368,-3.6603679999999,trailing_stop_sampled,0,8400,close_only|rb=False|bps=1.0|frac=False
2026-07-16,2026-07-16T18:41:00+00:00,2026-07-16T19:47:00+00:00,750.19,748.26,2.0,-3.8600000000001273,0.29969,-4.159690000000127,trailing_stop_sampled,0,3960,close_only|rb=False|bps=1.0|frac=False
2026-07-16,2026-07-16T19:48:00+00:00,2026-07-16T19:55:00+00:00,748.08,750.41,2.0,4.6599999999998545,0.299698,4.360301999999854,end_of_day,0,420,close_only|rb=False|bps=1.0|frac=False
2026-07-16,2026-07-16T19:56:00+00:00,2026-07-16T19:56:00+00:00,750.35,750.35,2.0,0.0,0.30014,-0.30014,end_of_day,0,0,close_only|rb=False|bps=1.0|frac=False
2026-07-16,2026-07-16T19:57:00+00:00,2026-07-16T19:57:00+00:00,750.21,750.21,2.0,0.0,0.300084,-0.300084,end_of_day,0,0,close_only|rb=False|bps=1.0|frac=False
2026-07-16,2026-07-16T19:58:00+00:00,2026-07-16T19:58:00+00:00,750.51,750.51,2.0,0.0,0.30020399999999997,-0.30020399999999997,end_of_day,0,0,close_only|rb=False|bps=1.0|frac=False
2026-07-16,2026-07-16T19:59:00+00:00,2026-07-16T19:59:00+00:00,750.76,750.76,2.0,0.0,0.300304,-0.300304,end_of_day,0,0,close_only|rb=False|bps=1.0|frac=False
2026-07-17,2026-07-17T13:30:00+00:00,2026-07-17T15:03:00+00:00,742.35,744.23,2.0,3.759999999999991,0.29731599999999997,3.462683999999991,trailing_stop_sampled,0,5580,close_only|rb=False|bps=1.0|frac=False
2026-07-17,2026-07-17T15:04:00+00:00,2026-07-17T17:56:00+00:00,744.23,744.56,2.0,0.6599999999998545,0.29775799999999997,0.3622419999998545,trailing_stop_sampled,0,10320,close_only|rb=False|bps=1.0|frac=False
2026-07-17,2026-07-17T17:57:00+00:00,2026-07-17T19:24:00+00:00,744.55,742.36,2.0,-4.379999999999882,0.297382,-4.677381999999882,trailing_stop_sampled,0,5220,close_only|rb=False|bps=1.0|frac=False
2026-07-17,2026-07-17T19:25:00+00:00,2026-07-17T19:55:00+00:00,742.22,744.03,2.0,3.619999999999891,0.29725,3.322749999999891,end_of_day,0,1800,close_only|rb=False|bps=1.0|frac=False
2026-07-17,2026-07-17T19:56:00+00:00,2026-07-17T19:56:00+00:00,744.31,744.31,2.0,0.0,0.297724,-0.297724,end_of_day,0,0,close_only|rb=False|bps=1.0|frac=False
2026-07-17,2026-07-17T19:57:00+00:00,2026-07-17T19:57:00+00:00,744.07,744.07,2.0,0.0,0.297628,-0.297628,end_of_day,0,0,close_only|rb=False|bps=1.0|frac=False
2026-07-17,2026-07-17T19:58:00+00:00,2026-07-17T19:58:00+00:00,744.01,744.01,2.0,0.0,0.297604,-0.297604,end_of_day,0,0,close_only|rb=False|bps=1.0|frac=False
2026-07-17,2026-07-17T19:59:00+00:00,2026-07-17T19:59:00+00:00,743.16,743.16,2.0,0.0,0.297264,-0.297264,end_of_day,0,0,close_only|rb=False|bps=1.0|frac=False
2026-07-13,2026-07-13T14:16:00+00:00,2026-07-13T14:29:00+00:00,751.4,753.09,2.6616981634282673,4.498269896193917,0.8008996539792388,3.697370242214678,target_sampled,0,780,close_only|rb=False|bps=2.0|frac=True
2026-07-13,2026-07-13T14:40:00+00:00,2026-07-13T15:00:00+00:00,751.83,752.97,2.6650936651134094,3.0382067782292506,0.8020865894525319,2.236120188776719,target_sampled,0,1200,close_only|rb=False|bps=2.0|frac=True
2026-07-13,2026-07-13T15:15:00+00:00,2026-07-13T16:30:00+00:00,751.92,749.8,2.667748550950888,-5.655626928015895,0.8012422707867934,-6.456869198802688,trailing_stop_sampled,0,4500,close_only|rb=False|bps=2.0|frac=True
2026-07-13,2026-07-13T16:31:00+00:00,2026-07-13T19:55:00+00:00,749.92,749.38,2.666253228653975,-1.4397767434730495,0.7995026931441809,-2.23927943661723,end_of_day,0,12240,close_only|rb=False|bps=2.0|frac=True
2026-07-13,2026-07-13T19:56:00+00:00,2026-07-13T19:56:00+00:00,749.37,749.37,2.6652219087974856,0.0,0.7988949367182288,-0.7988949367182288,end_of_day,0,0,close_only|rb=False|bps=2.0|frac=True
2026-07-13,2026-07-13T19:57:00+00:00,2026-07-13T19:57:00+00:00,749.47,749.47,2.6638003480577654,0.0,0.7985753787435413,-0.7985753787435413,end_of_day,0,0,close_only|rb=False|bps=2.0|frac=True
2026-07-13,2026-07-13T19:58:00+00:00,2026-07-13T19:58:00+00:00,749.59,749.59,2.662308557318147,0.0,0.7982559485920441,-0.7982559485920441,end_of_day,0,0,close_only|rb=False|bps=2.0|frac=True
2026-07-13,2026-07-13T19:59:00+00:00,2026-07-13T19:59:00+00:00,749.1,749.1,2.6629844019910798,0.0,0.7979366462126072,-0.7979366462126072,end_of_day,0,0,close_only|rb=False|bps=2.0|frac=True
2026-07-14,2026-07-14T13:30:00+00:00,2026-07-14T15:08:00+00:00,750.6,752.97,2.656599625480023,6.296141112387666,0.7988766997765997,5.497264412611067,target_sampled,0,5880,close_only|rb=False|bps=2.0|frac=True
2026-07-14,2026-07-14T15:18:00+00:00,2026-07-14T16:03:00+00:00,751.91,750.1,2.659282285510123,-4.813300936773177,0.798853717131812,-5.612154653904989,trailing_stop_sampled,0,2700,close_only|rb=False|bps=2.0|frac=True
2026-07-14,2026-07-14T16:04:00+00:00,2026-07-14T19:55:00+00:00,750.32,752.1,2.6574378780307217,4.730239422894612,0.7985175633421835,3.9317218595524284,end_of_day,0,13860,close_only|rb=False|bps=2.0|frac=True
2026-07-14,2026-07-14T19:59:00+00:00,2026-07-14T19:59:00+00:00,751.87,751.87,2.6571887567047012,0.0,0.7991442042014255,-0.7991442042014255,end_of_day,0,0,close_only|rb=False|bps=2.0|frac=True
2026-07-15,2026-07-15T16:03:00+00:00,2026-07-15T17:31:00+00:00,751.85,752.97,2.656196536941361,2.9749401213743365,0.7994195345440199,2.1755205868303165,target_sampled,0,5280,close_only|rb=False|bps=2.0|frac=True
2026-07-16,2026-07-16T13:38:00+00:00,2026-07-16T14:07:00+00:00,751.83,752.98,2.659160830089505,3.0580349546028702,0.8003063617453976,2.2577285928574726,target_sampled,0,1740,close_only|rb=False|bps=2.0|frac=True
2026-07-16,2026-07-16T16:20:00+00:00,2026-07-16T18:40:00+00:00,751.76,750.08,2.662411694528906,-4.4728516468084285,0.7997032758622585,-5.272554922670687,trailing_stop_sampled,0,8400,close_only|rb=False|bps=2.0|frac=True
2026-07-16,2026-07-16T18:41:00+00:00,2026-07-16T19:47:00+00:00,750.19,748.26,2.6609553053978052,-5.135643739417933,0.7974616954746683,-5.933105434892601,trailing_stop_sampled,0,3960,close_only|rb=False|bps=2.0|frac=True
2026-07-16,2026-07-16T19:48:00+00:00,2026-07-16T19:55:00+00:00,748.08,750.41,2.660529562508671,6.19903388064501,0.7973553888247238,5.401678491820286,end_of_day,0,420,close_only|rb=False|bps=2.0|frac=True
2026-07-16,2026-07-16T19:56:00+00:00,2026-07-16T19:56:00+00:00,750.35,750.35,2.659679660975954,0.0,0.7982762534453229,-0.7982762534453229,end_of_day,0,0,close_only|rb=False|bps=2.0|frac=True
2026-07-16,2026-07-16T19:57:00+00:00,2026-07-16T19:57:00+00:00,750.21,750.21,2.6591119251407767,0.0,0.7979569429439449,-0.7979569429439449,end_of_day,0,0,close_only|rb=False|bps=2.0|frac=True
2026-07-16,2026-07-16T19:58:00+00:00,2026-07-16T19:58:00+00:00,750.51,750.51,2.6569857835564057,0.0,0.7976377601667672,-0.7976377601667672,end_of_day,0,0,close_only|rb=False|bps=2.0|frac=True
2026-07-16,2026-07-16T19:59:00+00:00,2026-07-16T19:59:00+00:00,750.76,750.76,2.6550385777835146,0.0,0.7973187050627005,-0.7973187050627005,end_of_day,0,0,close_only|rb=False|bps=2.0|frac=True
2026-07-17,2026-07-17T13:30:00+00:00,2026-07-17T15:03:00+00:00,742.35,744.23,2.684043165557606,5.046001151248286,0.7980089778109251,4.247992173437361,trailing_stop_sampled,0,5580,close_only|rb=False|bps=2.0|frac=True
2026-07-17,2026-07-17T15:04:00+00:00,2026-07-17T17:56:00+00:00,744.23,744.56,2.682970904324101,0.8853803984267581,0.7988760505297356,0.08650434789702244,trailing_stop_sampled,0,10320,close_only|rb=False|bps=2.0|frac=True
2026-07-17,2026-07-17T17:57:00+00:00,2026-07-17T19:24:00+00:00,744.55,742.36,2.681933974176379,-5.873435403446112,0.7975588891085199,-6.6709942925546315,trailing_stop_sampled,0,5220,close_only|rb=False|bps=2.0|frac=True
2026-07-17,2026-07-17T19:25:00+00:00,2026-07-17T19:55:00+00:00,742.22,744.03,2.681365290857789,4.853271176452452,0.7970358327074778,4.056235343744975,end_of_day,0,1800,close_only|rb=False|bps=2.0|frac=True
2026-07-17,2026-07-17T19:56:00+00:00,2026-07-17T19:56:00+00:00,744.31,744.31,2.6792857566393216,0.0,0.7976876726096853,-0.7976876726096853,end_of_day,0,0,close_only|rb=False|bps=2.0|frac=True
2026-07-17,2026-07-17T19:57:00+00:00,2026-07-17T19:57:00+00:00,744.07,744.07,2.6790779010732906,0.0,0.7973685975406414,-0.7973685975406414,end_of_day,0,0,close_only|rb=False|bps=2.0|frac=True
2026-07-17,2026-07-17T19:58:00+00:00,2026-07-17T19:58:00+00:00,744.01,744.01,2.678222235257675,0.0,0.7970496501016251,-0.7970496501016251,end_of_day,0,0,close_only|rb=False|bps=2.0|frac=True
2026-07-17,2026-07-17T19:59:00+00:00,2026-07-17T19:59:00+00:00,743.16,743.16,2.6802129764841505,0.0,0.7967308302415845,-0.7967308302415845,end_of_day,0,0,close_only|rb=False|bps=2.0|frac=True
2026-07-13,2026-07-13T14:16:00+00:00,2026-07-13T14:29:00+00:00,751.4,753.09,2.0,3.380000000000109,0.601796,2.778204000000109,target_sampled,0,780,close_only|rb=False|bps=2.0|frac=False
2026-07-13,2026-07-13T14:40:00+00:00,2026-07-13T15:00:00+00:00,751.83,752.97,2.0,2.2799999999999727,0.6019200000000001,1.6780799999999725,target_sampled,0,1200,close_only|rb=False|bps=2.0|frac=False
2026-07-13,2026-07-13T15:15:00+00:00,2026-07-13T16:30:00+00:00,751.92,749.8,2.0,-4.240000000000009,0.6006879999999999,-4.840688000000009,trailing_stop_sampled,0,4500,close_only|rb=False|bps=2.0|frac=False
2026-07-13,2026-07-13T16:31:00+00:00,2026-07-13T19:55:00+00:00,749.92,749.38,2.0,-1.0799999999999272,0.59972,-1.6797199999999273,end_of_day,0,12240,close_only|rb=False|bps=2.0|frac=False
2026-07-13,2026-07-13T19:56:00+00:00,2026-07-13T19:56:00+00:00,749.37,749.37,2.0,0.0,0.599496,-0.599496,end_of_day,0,0,close_only|rb=False|bps=2.0|frac=False
2026-07-13,2026-07-13T19:57:00+00:00,2026-07-13T19:57:00+00:00,749.47,749.47,2.0,0.0,0.599576,-0.599576,end_of_day,0,0,close_only|rb=False|bps=2.0|frac=False
2026-07-13,2026-07-13T19:58:00+00:00,2026-07-13T19:58:00+00:00,749.59,749.59,2.0,0.0,0.599672,-0.599672,end_of_day,0,0,close_only|rb=False|bps=2.0|frac=False
2026-07-13,2026-07-13T19:59:00+00:00,2026-07-13T19:59:00+00:00,749.1,749.1,2.0,0.0,0.59928,-0.59928,end_of_day,0,0,close_only|rb=False|bps=2.0|frac=False
2026-07-14,2026-07-14T13:30:00+00:00,2026-07-14T15:08:00+00:00,750.6,752.97,2.0,4.740000000000009,0.6014280000000001,4.138572000000009,target_sampled,0,5880,close_only|rb=False|bps=2.0|frac=False
2026-07-14,2026-07-14T15:18:00+00:00,2026-07-14T16:03:00+00:00,751.91,750.1,2.0,-3.619999999999891,0.600804,-4.220803999999891,trailing_stop_sampled,0,2700,close_only|rb=False|bps=2.0|frac=False
2026-07-14,2026-07-14T16:04:00+00:00,2026-07-14T19:55:00+00:00,750.32,752.1,2.0,3.5599999999999454,0.6009680000000001,2.9590319999999455,end_of_day,0,13860,close_only|rb=False|bps=2.0|frac=False
2026-07-14,2026-07-14T19:59:00+00:00,2026-07-14T19:59:00+00:00,751.87,751.87,2.0,0.0,0.601496,-0.601496,end_of_day,0,0,close_only|rb=False|bps=2.0|frac=False
2026-07-15,2026-07-15T16:03:00+00:00,2026-07-15T17:31:00+00:00,751.85,752.97,2.0,2.240000000000009,0.601928,1.638072000000009,target_sampled,0,5280,close_only|rb=False|bps=2.0|frac=False
2026-07-16,2026-07-16T13:38:00+00:00,2026-07-16T14:07:00+00:00,751.83,752.98,2.0,2.2999999999999545,0.601924,1.6980759999999546,target_sampled,0,1740,close_only|rb=False|bps=2.0|frac=False
2026-07-16,2026-07-16T16:20:00+00:00,2026-07-16T18:40:00+00:00,751.76,750.08,2.0,-3.3599999999999,0.600736,-3.9607359999999,trailing_stop_sampled,0,8400,close_only|rb=False|bps=2.0|frac=False
2026-07-16,2026-07-16T18:41:00+00:00,2026-07-16T19:47:00+00:00,750.19,748.26,2.0,-3.8600000000001273,0.59938,-4.459380000000127,trailing_stop_sampled,0,3960,close_only|rb=False|bps=2.0|frac=False
2026-07-16,2026-07-16T19:48:00+00:00,2026-07-16T19:55:00+00:00,748.08,750.41,2.0,4.6599999999998545,0.599396,4.060603999999854,end_of_day,0,420,close_only|rb=False|bps=2.0|frac=False
2026-07-16,2026-07-16T19:56:00+00:00,2026-07-16T19:56:00+00:00,750.35,750.35,2.0,0.0,0.60028,-0.60028,end_of_day,0,0,close_only|rb=False|bps=2.0|frac=False
2026-07-16,2026-07-16T19:57:00+00:00,2026-07-16T19:57:00+00:00,750.21,750.21,2.0,0.0,0.600168,-0.600168,end_of_day,0,0,close_only|rb=False|bps=2.0|frac=False
2026-07-16,2026-07-16T19:58:00+00:00,2026-07-16T19:58:00+00:00,750.51,750.51,2.0,0.0,0.6004079999999999,-0.6004079999999999,end_of_day,0,0,close_only|rb=False|bps=2.0|frac=False
2026-07-16,2026-07-16T19:59:00+00:00,2026-07-16T19:59:00+00:00,750.76,750.76,2.0,0.0,0.600608,-0.600608,end_of_day,0,0,close_only|rb=False|bps=2.0|frac=False
2026-07-17,2026-07-17T13:30:00+00:00,2026-07-17T15:03:00+00:00,742.35,744.23,2.0,3.759999999999991,0.5946319999999999,3.165367999999991,trailing_stop_sampled,0,5580,close_only|rb=False|bps=2.0|frac=False
2026-07-17,2026-07-17T15:04:00+00:00,2026-07-17T17:56:00+00:00,744.23,744.56,2.0,0.6599999999998545,0.5955159999999999,0.06448399999985455,trailing_stop_sampled,0,10320,close_only|rb=False|bps=2.0|frac=False
2026-07-17,2026-07-17T17:57:00+00:00,2026-07-17T19:24:00+00:00,744.55,742.36,2.0,-4.379999999999882,0.594764,-4.974763999999881,trailing_stop_sampled,0,5220,close_only|rb=False|bps=2.0|frac=False
2026-07-17,2026-07-17T19:25:00+00:00,2026-07-17T19:55:00+00:00,742.22,744.03,2.0,3.619999999999891,0.5945,3.025499999999891,end_of_day,0,1800,close_only|rb=False|bps=2.0|frac=False
2026-07-17,2026-07-17T19:56:00+00:00,2026-07-17T19:56:00+00:00,744.31,744.31,2.0,0.0,0.595448,-0.595448,end_of_day,0,0,close_only|rb=False|bps=2.0|frac=False
2026-07-17,2026-07-17T19:57:00+00:00,2026-07-17T19:57:00+00:00,744.07,744.07,2.0,0.0,0.595256,-0.595256,end_of_day,0,0,close_only|rb=False|bps=2.0|frac=False
2026-07-17,2026-07-17T19:58:00+00:00,2026-07-17T19:58:00+00:00,744.01,744.01,2.0,0.0,0.595208,-0.595208,end_of_day,0,0,close_only|rb=False|bps=2.0|frac=False
2026-07-17,2026-07-17T19:59:00+00:00,2026-07-17T19:59:00+00:00,743.16,743.16,2.0,0.0,0.594528,-0.594528,end_of_day,0,0,close_only|rb=False|bps=2.0|frac=False
2026-07-13,2026-07-13T14:16:00+00:00,2026-07-13T14:29:00+00:00,751.4,753.09,2.6616981634282673,4.498269896193917,2.002249134948097,2.49602076124582,target_sampled,0,780,close_only|rb=False|bps=5.0|frac=True
2026-07-13,2026-07-13T14:40:00+00:00,2026-07-13T15:00:00+00:00,751.83,752.97,2.6634957646825024,3.0363851717380164,2.004014213347115,1.0323709583909015,target_sampled,0,1200,close_only|rb=False|bps=5.0|frac=True
2026-07-13,2026-07-13T15:15:00+00:00,2026-07-13T16:30:00+00:00,751.92,749.8,2.6645499411102733,-5.648845875153792,2.0007039687820596,-7.649549843935851,trailing_stop_sampled,0,4500,close_only|rb=False|bps=5.0|frac=True
2026-07-13,2026-07-13T16:31:00+00:00,2026-07-13T19:55:00+00:00,749.92,749.38,2.6614556777732306,-1.4371860659974476,1.9951602488427023,-3.43234631484015,end_of_day,0,12240,close_only|rb=False|bps=5.0|frac=True
2026-07-13,2026-07-13T19:56:00+00:00,2026-07-13T19:56:00+00:00,749.37,749.37,2.6588287435590705,0.0,1.9924464955608607,-1.9924464955608607,end_of_day,0,0,close_only|rb=False|bps=5.0|frac=True
2026-07-13,2026-07-13T19:57:00+00:00,2026-07-13T19:57:00+00:00,749.47,749.47,2.655815508379655,0.0,1.9904540490653002,-1.9904540490653002,end_of_day,0,0,close_only|rb=False|bps=5.0|frac=True
2026-07-13,2026-07-13T19:58:00+00:00,2026-07-13T19:58:00+00:00,749.59,749.59,2.652734955130451,0.0,1.9884635950162344,-1.9884635950162344,end_of_day,0,0,close_only|rb=False|bps=5.0|frac=True
2026-07-13,2026-07-13T19:59:00+00:00,2026-07-13T19:59:00+00:00,749.1,749.1,2.651815687386488,0.0,1.9864751314212183,-1.9864751314212183,end_of_day,0,0,close_only|rb=False|bps=5.0|frac=True
2026-07-14,2026-07-14T13:30:00+00:00,2026-07-14T15:08:00+00:00,750.6,752.97,2.643869779229679,6.265971376774352,1.9876216419781845,4.278349734796167,target_sampled,0,5880,close_only|rb=False|bps=5.0|frac=True
2026-07-14,2026-07-14T15:18:00+00:00,2026-07-14T16:03:00+00:00,751.91,750.1,2.644953526385596,-4.7873658827577845,1.9863733230832146,-6.773739205840999,trailing_stop_sampled,0,2700,close_only|rb=False|bps=5.0|frac=True
2026-07-14,2026-07-14T16:04:00+00:00,2026-07-14T19:55:00+00:00,750.32,752.1,2.6415306360203012,4.701924532116064,1.9843442290848106,2.7175803030312533,end_of_day,0,13860,close_only|rb=False|bps=5.0|frac=True
2026-07-14,2026-07-14T19:59:00+00:00,2026-07-14T19:59:00+00:00,751.87,751.87,2.639699478795249,0.0,1.9847108471217838,-1.9847108471217838,end_of_day,0,0,close_only|rb=False|bps=5.0|frac=True
2026-07-15,2026-07-15T16:03:00+00:00,2026-07-15T17:31:00+00:00,751.85,752.97,2.6371299278774516,2.9535855192227576,1.9842029290342735,0.969382590188484,target_sampled,0,5280,close_only|rb=False|bps=5.0|frac=True
2026-07-16,2026-07-16T13:38:00+00:00,2026-07-16T14:07:00+00:00,751.83,752.98,2.6384894442425155,3.0342628608788327,1.9852126502952898,1.0490502105835429,target_sampled,0,1740,close_only|rb=False|bps=5.0|frac=True
2026-07-16,2026-07-16T16:20:00+00:00,2026-07-16T18:40:00+00:00,751.76,750.08,2.6401305856595645,-4.435419383907936,1.9825268593834804,-6.417946243291416,trailing_stop_sampled,0,8400,close_only|rb=False|bps=5.0|frac=True
2026-07-16,2026-07-16T18:41:00+00:00,2026-07-16T19:47:00+00:00,750.19,748.26,2.6371007649157447,-5.089604476287556,1.9757818205939988,-7.065386296881554,trailing_stop_sampled,0,3960,close_only|rb=False|bps=5.0|frac=True
2026-07-16,2026-07-16T19:48:00+00:00,2026-07-16T19:55:00+00:00,748.08,750.41,2.6350941564207853,6.139769384460238,1.9743311212274912,4.165438263232747,end_of_day,0,420,close_only|rb=False|bps=5.0|frac=True
2026-07-16,2026-07-16T19:56:00+00:00,2026-07-16T19:56:00+00:00,750.35,750.35,2.6326736520270457,0.0,1.975426674798494,-1.975426674798494,end_of_day,0,0,close_only|rb=False|bps=5.0|frac=True
2026-07-16,2026-07-16T19:57:00+00:00,2026-07-16T19:57:00+00:00,750.21,750.21,2.630531781932653,0.0,1.9734512481236954,-1.9734512481236954,end_of_day,0,0,close_only|rb=False|bps=5.0|frac=True
2026-07-16,2026-07-16T19:58:00+00:00,2026-07-16T19:58:00+00:00,750.51,750.51,2.6268508039540737,0.0,1.971477796875572,-1.971477796875572,end_of_day,0,0,close_only|rb=False|bps=5.0|frac=True
2026-07-16,2026-07-16T19:59:00+00:00,2026-07-16T19:59:00+00:00,750.76,750.76,2.623350097339624,0.0,1.969506319078696,-1.969506319078696,end_of_day,0,0,close_only|rb=False|bps=5.0|frac=True
2026-07-17,2026-07-17T13:30:00+00:00,2026-07-17T15:03:00+00:00,742.35,744.23,2.6504166670163904,4.982783333990802,1.9700282044266129,3.012755129564189,trailing_stop_sampled,0,5580,close_only|rb=False|bps=5.0|frac=True
2026-07-17,2026-07-17T15:04:00+00:00,2026-07-17T17:56:00+00:00,744.23,744.56,2.647769597959208,0.8737639673263461,1.9709864498728449,-1.0972224825464987,trailing_stop_sampled,0,10320,close_only|rb=False|bps=5.0|frac=True
2026-07-17,2026-07-17T17:57:00+00:00,2026-07-17T19:24:00+00:00,744.55,742.36,2.64515794158436,-5.792895892069592,1.9665558974605999,-7.759451789530192,trailing_stop_sampled,0,5220,close_only|rb=False|bps=5.0|frac=True
2026-07-17,2026-07-17T19:25:00+00:00,2026-07-17T19:55:00+00:00,742.22,744.03,2.6430073207635267,4.783843250581839,1.9640848152423958,2.819758435339443,end_of_day,0,1800,close_only|rb=False|bps=5.0|frac=True
2026-07-17,2026-07-17T19:56:00+00:00,2026-07-17T19:56:00+00:00,744.31,744.31,2.6393742554210537,0.0,1.964512652052444,-1.964512652052444,end_of_day,0,0,close_only|rb=False|bps=5.0|frac=True
2026-07-17,2026-07-17T19:57:00+00:00,2026-07-17T19:57:00+00:00,744.07,744.07,2.637585360786474,0.0,1.9625481394003916,-1.9625481394003916,end_of_day,0,0,close_only|rb=False|bps=5.0|frac=True
2026-07-17,2026-07-17T19:58:00+00:00,2026-07-17T19:58:00+00:00,744.01,744.01,2.6351602683579407,0.0,1.9605855912609913,-1.9605855912609913,end_of_day,0,0,close_only|rb=False|bps=5.0|frac=True
2026-07-17,2026-07-17T19:59:00+00:00,2026-07-17T19:59:00+00:00,743.16,743.16,2.6355360967621113,0.0,1.9586250056697307,-1.9586250056697307,end_of_day,0,0,close_only|rb=False|bps=5.0|frac=True
2026-07-13,2026-07-13T14:16:00+00:00,2026-07-13T14:29:00+00:00,751.4,753.09,2.0,3.380000000000109,1.5044899999999999,1.8755100000001093,target_sampled,0,780,close_only|rb=False|bps=5.0|frac=False
2026-07-13,2026-07-13T14:40:00+00:00,2026-07-13T15:00:00+00:00,751.83,752.97,2.0,2.2799999999999727,1.5048000000000001,0.7751999999999726,target_sampled,0,1200,close_only|rb=False|bps=5.0|frac=False
2026-07-13,2026-07-13T15:15:00+00:00,2026-07-13T16:30:00+00:00,751.92,749.8,2.0,-4.240000000000009,1.5017199999999997,-5.741720000000009,trailing_stop_sampled,0,4500,close_only|rb=False|bps=5.0|frac=False
2026-07-13,2026-07-13T16:31:00+00:00,2026-07-13T19:55:00+00:00,749.92,749.38,2.0,-1.0799999999999272,1.4993,-2.579299999999927,end_of_day,0,12240,close_only|rb=False|bps=5.0|frac=False
2026-07-13,2026-07-13T19:56:00+00:00,2026-07-13T19:56:00+00:00,749.37,749.37,2.0,0.0,1.49874,-1.49874,end_of_day,0,0,close_only|rb=False|bps=5.0|frac=False
2026-07-13,2026-07-13T19:57:00+00:00,2026-07-13T19:57:00+00:00,749.47,749.47,2.0,0.0,1.4989400000000002,-1.4989400000000002,end_of_day,0,0,close_only|rb=False|bps=5.0|frac=False
2026-07-13,2026-07-13T19:58:00+00:00,2026-07-13T19:58:00+00:00,749.59,749.59,2.0,0.0,1.4991800000000002,-1.4991800000000002,end_of_day,0,0,close_only|rb=False|bps=5.0|frac=False
2026-07-13,2026-07-13T19:59:00+00:00,2026-07-13T19:59:00+00:00,749.1,749.1,2.0,0.0,1.4982,-1.4982,end_of_day,0,0,close_only|rb=False|bps=5.0|frac=False
2026-07-14,2026-07-14T13:30:00+00:00,2026-07-14T15:08:00+00:00,750.6,752.97,2.0,4.740000000000009,1.50357,3.2364300000000092,target_sampled,0,5880,close_only|rb=False|bps=5.0|frac=False
2026-07-14,2026-07-14T15:18:00+00:00,2026-07-14T16:03:00+00:00,751.91,750.1,2.0,-3.619999999999891,1.50201,-5.122009999999891,trailing_stop_sampled,0,2700,close_only|rb=False|bps=5.0|frac=False
2026-07-14,2026-07-14T16:04:00+00:00,2026-07-14T19:55:00+00:00,750.32,752.1,2.0,3.5599999999999454,1.50242,2.0575799999999456,end_of_day,0,13860,close_only|rb=False|bps=5.0|frac=False
2026-07-14,2026-07-14T19:59:00+00:00,2026-07-14T19:59:00+00:00,751.87,751.87,2.0,0.0,1.5037399999999999,-1.5037399999999999,end_of_day,0,0,close_only|rb=False|bps=5.0|frac=False
2026-07-15,2026-07-15T16:03:00+00:00,2026-07-15T17:31:00+00:00,751.85,752.97,2.0,2.240000000000009,1.50482,0.735180000000009,target_sampled,0,5280,close_only|rb=False|bps=5.0|frac=False
2026-07-16,2026-07-16T13:38:00+00:00,2026-07-16T14:07:00+00:00,751.83,752.98,2.0,2.2999999999999545,1.5048099999999998,0.7951899999999548,target_sampled,0,1740,close_only|rb=False|bps=5.0|frac=False
2026-07-16,2026-07-16T16:20:00+00:00,2026-07-16T18:40:00+00:00,751.76,750.08,2.0,-3.3599999999999,1.50184,-4.8618399999999,trailing_stop_sampled,0,8400,close_only|rb=False|bps=5.0|frac=False
2026-07-16,2026-07-16T18:41:00+00:00,2026-07-16T19:47:00+00:00,750.19,748.26,2.0,-3.8600000000001273,1.49845,-5.358450000000127,trailing_stop_sampled,0,3960,close_only|rb=False|bps=5.0|frac=False
2026-07-16,2026-07-16T19:48:00+00:00,2026-07-16T19:55:00+00:00,748.08,750.41,2.0,4.6599999999998545,1.4984899999999999,3.1615099999998546,end_of_day,0,420,close_only|rb=False|bps=5.0|frac=False
2026-07-16,2026-07-16T19:56:00+00:00,2026-07-16T19:56:00+00:00,750.35,750.35,2.0,0.0,1.5007,-1.5007,end_of_day,0,0,close_only|rb=False|bps=5.0|frac=False
2026-07-16,2026-07-16T19:57:00+00:00,2026-07-16T19:57:00+00:00,750.21,750.21,2.0,0.0,1.50042,-1.50042,end_of_day,0,0,close_only|rb=False|bps=5.0|frac=False
2026-07-16,2026-07-16T19:58:00+00:00,2026-07-16T19:58:00+00:00,750.51,750.51,2.0,0.0,1.50102,-1.50102,end_of_day,0,0,close_only|rb=False|bps=5.0|frac=False
2026-07-16,2026-07-16T19:59:00+00:00,2026-07-16T19:59:00+00:00,750.76,750.76,2.0,0.0,1.50152,-1.50152,end_of_day,0,0,close_only|rb=False|bps=5.0|frac=False
2026-07-17,2026-07-17T13:30:00+00:00,2026-07-17T15:03:00+00:00,742.35,744.23,2.0,3.759999999999991,1.48658,2.273419999999991,trailing_stop_sampled,0,5580,close_only|rb=False|bps=5.0|frac=False
2026-07-17,2026-07-17T15:04:00+00:00,2026-07-17T17:56:00+00:00,744.23,744.56,2.0,0.6599999999998545,1.48879,-0.8287900000001456,trailing_stop_sampled,0,10320,close_only|rb=False|bps=5.0|frac=False
2026-07-17,2026-07-17T17:57:00+00:00,2026-07-17T19:24:00+00:00,744.55,742.36,2.0,-4.379999999999882,1.48691,-5.866909999999882,trailing_stop_sampled,0,5220,close_only|rb=False|bps=5.0|frac=False
2026-07-17,2026-07-17T19:25:00+00:00,2026-07-17T19:55:00+00:00,742.22,744.03,2.0,3.619999999999891,1.48625,2.133749999999891,end_of_day,0,1800,close_only|rb=False|bps=5.0|frac=False
2026-07-17,2026-07-17T19:56:00+00:00,2026-07-17T19:56:00+00:00,744.31,744.31,2.0,0.0,1.4886199999999998,-1.4886199999999998,end_of_day,0,0,close_only|rb=False|bps=5.0|frac=False
2026-07-17,2026-07-17T19:57:00+00:00,2026-07-17T19:57:00+00:00,744.07,744.07,2.0,0.0,1.4881400000000002,-1.4881400000000002,end_of_day,0,0,close_only|rb=False|bps=5.0|frac=False
2026-07-17,2026-07-17T19:58:00+00:00,2026-07-17T19:58:00+00:00,744.01,744.01,2.0,0.0,1.4880200000000001,-1.4880200000000001,end_of_day,0,0,close_only|rb=False|bps=5.0|frac=False
2026-07-17,2026-07-17T19:59:00+00:00,2026-07-17T19:59:00+00:00,743.16,743.16,2.0,0.0,1.4863199999999999,-1.4863199999999999,end_of_day,0,0,close_only|rb=False|bps=5.0|frac=False
2026-07-13,2026-07-13T14:16:00+00:00,2026-07-13T14:29:00+00:00,751.4,753.09,2.6616981634282673,4.498269896193917,4.004498269896194,0.49377162629772275,target_sampled,0,780,close_only|rb=False|bps=10.0|frac=True
2026-07-13,2026-07-13T14:40:00+00:00,2026-07-13T15:00:00+00:00,751.83,752.97,2.660832597297657,3.033349160919293,4.004020892413515,-0.9706717314942224,target_sampled,0,1200,close_only|rb=False|bps=10.0|frac=True
2026-07-13,2026-07-13T15:15:00+00:00,2026-07-13T16:30:00+00:00,751.92,749.8,2.6592231884971858,-5.637553159614046,3.993408646629993,-9.63096180624404,trailing_stop_sampled,0,4500,close_only|rb=False|bps=10.0|frac=True
2026-07-13,2026-07-13T16:31:00+00:00,2026-07-13T19:55:00+00:00,749.92,749.38,2.6534725545238955,-1.432875179442807,3.978351400997677,-5.411226580440484,end_of_day,0,12240,close_only|rb=False|bps=10.0|frac=True
2026-07-13,2026-07-13T19:56:00+00:00,2026-07-13T19:56:00+00:00,749.37,749.37,2.6481990358676213,0.0,3.9689618230162385,-3.9689618230162385,end_of_day,0,0,close_only|rb=False|bps=10.0|frac=True
2026-07-13,2026-07-13T19:57:00+00:00,2026-07-13T19:57:00+00:00,749.47,749.47,2.6425500015812546,0.0,3.9610238993702063,-3.9610238993702063,end_of_day,0,0,close_only|rb=False|bps=10.0|frac=True
2026-07-13,2026-07-13T19:58:00+00:00,2026-07-13T19:58:00+00:00,749.59,749.59,2.6368427083948993,0.0,3.9531018515714655,-3.9531018515714655,end_of_day,0,0,close_only|rb=False|bps=10.0|frac=True
2026-07-13,2026-07-13T19:59:00+00:00,2026-07-13T19:59:00+00:00,749.1,749.1,2.633290380368657,0.0,3.945195647868322,-3.945195647868322,end_of_day,0,0,close_only|rb=False|bps=10.0|frac=True
2026-07-14,2026-07-14T13:30:00+00:00,2026-07-14T15:08:00+00:00,750.6,752.97,2.6227719534856018,6.215969529760888,3.9435212261023467,2.2724483036585412,target_sampled,0,5880,close_only|rb=False|bps=10.0|frac=True
2026-07-14,2026-07-14T15:18:00+00:00,2026-07-14T16:03:00+00:00,751.91,750.1,2.6212247165085603,-4.744416736880351,3.937105736443023,-8.681522473323373,trailing_stop_sampled,0,2700,close_only|rb=False|bps=10.0|frac=True
2026-07-14,2026-07-14T16:04:00+00:00,2026-07-14T19:55:00+00:00,750.32,752.1,2.615208916351194,4.655071871105054,3.929142180104361,0.7259296910006934,end_of_day,0,13860,close_only|rb=False|bps=10.0|frac=True
2026-07-14,2026-07-14T19:59:00+00:00,2026-07-14T19:59:00+00:00,751.87,751.87,2.6107830925660402,0.0,3.9259389676152576,-3.9259389676152576,end_of_day,0,0,close_only|rb=False|bps=10.0|frac=True
2026-07-15,2026-07-15T16:03:00+00:00,2026-07-15T17:31:00+00:00,751.85,752.97,2.605630837055281,2.918306537501927,3.921005396217529,-1.0026988587156023,target_sampled,0,5280,close_only|rb=False|bps=10.0|frac=True
2026-07-16,2026-07-16T13:38:00+00:00,2026-07-16T14:07:00+00:00,751.83,752.98,2.6043664737790424,2.9950214448458397,3.9190767134074407,-0.924055268561601,target_sampled,0,1740,close_only|rb=False|bps=10.0|frac=True
2026-07-16,2026-07-16T16:20:00+00:00,2026-07-16T18:40:00+00:00,751.76,750.08,2.603379789710461,-4.373678046713444,3.9098599033787593,-8.283537950092203,trailing_stop_sampled,0,8400,close_only|rb=False|bps=10.0|frac=True
2026-07-16,2026-07-16T18:41:00+00:00,2026-07-16T19:47:00+00:00,750.19,748.26,2.5977862311716278,-5.013727426161407,3.892652778099126,-8.906380204260532,trailing_stop_sampled,0,3960,close_only|rb=False|bps=10.0|frac=True
2026-07-16,2026-07-16T19:48:00+00:00,2026-07-16T19:55:00+00:00,748.08,750.41,2.593207775315986,6.042174116486059,3.8858959192332523,2.156278197252807,end_of_day,0,420,close_only|rb=False|bps=10.0|frac=True
2026-07-16,2026-07-16T19:56:00+00:00,2026-07-16T19:56:00+00:00,750.35,750.35,2.588236357374073,0.0,3.884166301511272,-3.884166301511272,end_of_day,0,0,close_only|rb=False|bps=10.0|frac=True
2026-07-16,2026-07-16T19:57:00+00:00,2026-07-16T19:57:00+00:00,750.21,750.21,2.5835419208676567,0.0,3.8763979689082495,-3.8763979689082495,end_of_day,0,0,close_only|rb=False|bps=10.0|frac=True
2026-07-16,2026-07-16T19:58:00+00:00,2026-07-16T19:58:00+00:00,750.51,750.51,2.5773441879324945,0.0,3.8686451729704334,-3.8686451729704334,end_of_day,0,0,close_only|rb=False|bps=10.0|frac=True
2026-07-16,2026-07-16T19:59:00+00:00,2026-07-16T19:59:00+00:00,750.76,750.76,2.5713329710057087,0.0,3.8609078826244922,-3.8609078826244922,end_of_day,0,0,close_only|rb=False|bps=10.0|frac=True
2026-07-17,2026-07-17T13:30:00+00:00,2026-07-17T15:03:00+00:00,742.35,744.23,2.595262387592943,4.879093288674721,3.858065160147917,1.0210281285268037,trailing_stop_sampled,0,5580,close_only|rb=False|bps=10.0|frac=True
2026-07-17,2026-07-17T15:04:00+00:00,2026-07-17T17:56:00+00:00,744.23,744.56,2.590078418712156,0.854725878174823,3.856082848994471,-3.001356970819648,trailing_stop_sampled,0,10320,close_only|rb=False|bps=10.0|frac=True
2026-07-17,2026-07-17T17:57:00+00:00,2026-07-17T19:24:00+00:00,744.55,742.36,2.58493412744252,-5.661005739098966,3.843564403435557,-9.504570142534524,trailing_stop_sampled,0,5220,close_only|rb=False|bps=10.0|frac=True
2026-07-17,2026-07-17T19:25:00+00:00,2026-07-17T19:55:00+00:00,742.22,744.03,2.5802432357586618,4.670240256723037,3.8348865091463114,0.8353537475767259,end_of_day,0,1800,close_only|rb=False|bps=10.0|frac=True
2026-07-17,2026-07-17T19:56:00+00:00,2026-07-17T19:56:00+00:00,744.31,744.31,2.5741203103443064,0.0,3.831886976384741,-3.831886976384741,end_of_day,0,0,close_only|rb=False|bps=10.0|frac=True
2026-07-17,2026-07-17T19:57:00+00:00,2026-07-17T19:57:00+00:00,744.07,744.07,2.5698006924294563,0.0,3.8242232024319716,-3.8242232024319716,end_of_day,0,0,close_only|rb=False|bps=10.0|frac=True
2026-07-17,2026-07-17T19:58:00+00:00,2026-07-17T19:58:00+00:00,744.01,744.01,2.5648679157720378,0.0,3.8165747560271077,-3.8165747560271077,end_of_day,0,0,close_only|rb=False|bps=10.0|frac=True
2026-07-17,2026-07-17T19:59:00+00:00,2026-07-17T19:59:00+00:00,743.16,743.16,2.5626659175110698,0.0,3.808941606515053,-3.808941606515053,end_of_day,0,0,close_only|rb=False|bps=10.0|frac=True
2026-07-13,2026-07-13T14:16:00+00:00,2026-07-13T14:29:00+00:00,751.4,753.09,2.0,3.380000000000109,3.0089799999999998,0.3710200000001094,target_sampled,0,780,close_only|rb=False|bps=10.0|frac=False
2026-07-13,2026-07-13T14:40:00+00:00,2026-07-13T15:00:00+00:00,751.83,752.97,2.0,2.2799999999999727,3.0096000000000003,-0.7296000000000276,target_sampled,0,1200,close_only|rb=False|bps=10.0|frac=False
2026-07-13,2026-07-13T15:15:00+00:00,2026-07-13T16:30:00+00:00,751.92,749.8,2.0,-4.240000000000009,3.0034399999999994,-7.2434400000000085,trailing_stop_sampled,0,4500,close_only|rb=False|bps=10.0|frac=False
2026-07-13,2026-07-13T16:31:00+00:00,2026-07-13T19:55:00+00:00,749.92,749.38,2.0,-1.0799999999999272,2.9986,-4.078599999999927,end_of_day,0,12240,close_only|rb=False|bps=10.0|frac=False
2026-07-13,2026-07-13T19:56:00+00:00,2026-07-13T19:56:00+00:00,749.37,749.37,2.0,0.0,2.99748,-2.99748,end_of_day,0,0,close_only|rb=False|bps=10.0|frac=False
2026-07-13,2026-07-13T19:57:00+00:00,2026-07-13T19:57:00+00:00,749.47,749.47,2.0,0.0,2.9978800000000003,-2.9978800000000003,end_of_day,0,0,close_only|rb=False|bps=10.0|frac=False
2026-07-13,2026-07-13T19:58:00+00:00,2026-07-13T19:58:00+00:00,749.59,749.59,2.0,0.0,2.9983600000000004,-2.9983600000000004,end_of_day,0,0,close_only|rb=False|bps=10.0|frac=False
2026-07-13,2026-07-13T19:59:00+00:00,2026-07-13T19:59:00+00:00,749.1,749.1,2.0,0.0,2.9964,-2.9964,end_of_day,0,0,close_only|rb=False|bps=10.0|frac=False
2026-07-14,2026-07-14T13:30:00+00:00,2026-07-14T15:08:00+00:00,750.6,752.97,2.0,4.740000000000009,3.00714,1.732860000000009,target_sampled,0,5880,close_only|rb=False|bps=10.0|frac=False
2026-07-14,2026-07-14T15:18:00+00:00,2026-07-14T16:03:00+00:00,751.91,750.1,2.0,-3.619999999999891,3.00402,-6.624019999999891,trailing_stop_sampled,0,2700,close_only|rb=False|bps=10.0|frac=False
2026-07-14,2026-07-14T16:04:00+00:00,2026-07-14T19:55:00+00:00,750.32,752.1,2.0,3.5599999999999454,3.00484,0.5551599999999453,end_of_day,0,13860,close_only|rb=False|bps=10.0|frac=False
2026-07-14,2026-07-14T19:59:00+00:00,2026-07-14T19:59:00+00:00,751.87,751.87,2.0,0.0,3.0074799999999997,-3.0074799999999997,end_of_day,0,0,close_only|rb=False|bps=10.0|frac=False
2026-07-15,2026-07-15T16:03:00+00:00,2026-07-15T17:31:00+00:00,751.85,752.97,2.0,2.240000000000009,3.00964,-0.769639999999991,target_sampled,0,5280,close_only|rb=False|bps=10.0|frac=False
2026-07-16,2026-07-16T13:38:00+00:00,2026-07-16T14:07:00+00:00,751.83,752.98,2.0,2.2999999999999545,3.0096199999999995,-0.709620000000045,target_sampled,0,1740,close_only|rb=False|bps=10.0|frac=False
2026-07-16,2026-07-16T16:20:00+00:00,2026-07-16T18:40:00+00:00,751.76,750.08,2.0,-3.3599999999999,3.00368,-6.3636799999999,trailing_stop_sampled,0,8400,close_only|rb=False|bps=10.0|frac=False
2026-07-16,2026-07-16T18:41:00+00:00,2026-07-16T19:47:00+00:00,750.19,748.26,2.0,-3.8600000000001273,2.9969,-6.8569000000001274,trailing_stop_sampled,0,3960,close_only|rb=False|bps=10.0|frac=False
2026-07-16,2026-07-16T19:48:00+00:00,2026-07-16T19:55:00+00:00,748.08,750.41,2.0,4.6599999999998545,2.9969799999999998,1.6630199999998547,end_of_day,0,420,close_only|rb=False|bps=10.0|frac=False
2026-07-16,2026-07-16T19:56:00+00:00,2026-07-16T19:56:00+00:00,750.35,750.35,2.0,0.0,3.0014,-3.0014,end_of_day,0,0,close_only|rb=False|bps=10.0|frac=False
2026-07-16,2026-07-16T19:57:00+00:00,2026-07-16T19:57:00+00:00,750.21,750.21,2.0,0.0,3.00084,-3.00084,end_of_day,0,0,close_only|rb=False|bps=10.0|frac=False
2026-07-16,2026-07-16T19:58:00+00:00,2026-07-16T19:58:00+00:00,750.51,750.51,2.0,0.0,3.00204,-3.00204,end_of_day,0,0,close_only|rb=False|bps=10.0|frac=False
2026-07-16,2026-07-16T19:59:00+00:00,2026-07-16T19:59:00+00:00,750.76,750.76,2.0,0.0,3.00304,-3.00304,end_of_day,0,0,close_only|rb=False|bps=10.0|frac=False
2026-07-17,2026-07-17T13:30:00+00:00,2026-07-17T15:03:00+00:00,742.35,744.23,2.0,3.759999999999991,2.97316,0.7868399999999909,trailing_stop_sampled,0,5580,close_only|rb=False|bps=10.0|frac=False
2026-07-17,2026-07-17T15:04:00+00:00,2026-07-17T17:56:00+00:00,744.23,744.56,2.0,0.6599999999998545,2.97758,-2.3175800000001456,trailing_stop_sampled,0,10320,close_only|rb=False|bps=10.0|frac=False
2026-07-17,2026-07-17T17:57:00+00:00,2026-07-17T19:24:00+00:00,744.55,742.36,2.0,-4.379999999999882,2.97382,-7.353819999999882,trailing_stop_sampled,0,5220,close_only|rb=False|bps=10.0|frac=False
2026-07-17,2026-07-17T19:25:00+00:00,2026-07-17T19:55:00+00:00,742.22,744.03,2.0,3.619999999999891,2.9725,0.6474999999998907,end_of_day,0,1800,close_only|rb=False|bps=10.0|frac=False
2026-07-17,2026-07-17T19:56:00+00:00,2026-07-17T19:56:00+00:00,744.31,744.31,2.0,0.0,2.9772399999999997,-2.9772399999999997,end_of_day,0,0,close_only|rb=False|bps=10.0|frac=False
2026-07-17,2026-07-17T19:57:00+00:00,2026-07-17T19:57:00+00:00,744.07,744.07,2.0,0.0,2.9762800000000005,-2.9762800000000005,end_of_day,0,0,close_only|rb=False|bps=10.0|frac=False
2026-07-17,2026-07-17T19:58:00+00:00,2026-07-17T19:58:00+00:00,744.01,744.01,2.0,0.0,2.9760400000000002,-2.9760400000000002,end_of_day,0,0,close_only|rb=False|bps=10.0|frac=False
2026-07-17,2026-07-17T19:59:00+00:00,2026-07-17T19:59:00+00:00,743.16,743.16,2.0,0.0,2.9726399999999997,-2.9726399999999997,end_of_day,0,0,close_only|rb=False|bps=10.0|frac=False
